{"nm":"Question","ddd":0,"h":1024,"w":1024,"meta":{"g":"@lottiefiles/toolkit-js 0.33.2"},"layers":[{"ty":4,"nm":"Path 13540","sr":1,"st":0,"op":250,"ip":47,"hd":false,"ddd":0,"bm":0,"hasMask":false,"ao":0,"ks":{"a":{"a":0,"k":[38.019,76.122,0],"ix":1},"s":{"a":1,"k":[{"o":{"x":0.25,"y":0.228},"i":{"x":0,"y":0.998},"s":[100,100,100],"t":53},{"o":{"x":0.71,"y":-0.005},"i":{"x":0,"y":0.948},"s":[100,60,100],"t":55},{"s":[100,100,100],"t":57}],"ix":6},"sk":{"a":0,"k":0},"p":{"a":1,"k":[{"o":{"x":0.167,"y":0},"i":{"x":0.667,"y":1},"s":[509.758,586.237,0],"t":47,"ti":[0,0,0],"to":[-4.667,11.667,0]},{"o":{"x":0.167,"y":0},"i":{"x":0.667,"y":1},"s":[503.758,617.237,0],"t":49,"ti":[0,0,0],"to":[0,0,0]},{"s":[505.258,704.737,0],"t":53}],"ix":2},"r":{"a":0,"k":0,"ix":10},"sa":{"a":0,"k":0},"o":{"a":1,"k":[{"o":{"x":0.167,"y":0.167},"i":{"x":0.833,"y":0.833},"s":[0],"t":51},{"s":[100],"t":53}],"ix":11}},"ef":[],"shapes":[{"ty":"gr","bm":0,"hd":false,"mn":"ADBE Vector Group","nm":"Path 13504","ix":1,"cix":2,"np":2,"it":[{"ty":"sh","bm":0,"hd":false,"mn":"ADBE Vector Shape - Group","nm":"Path 1","ix":1,"d":1,"ks":{"a":0,"k":{"c":true,"i":[[-0.112,22.755],[-23.256,-0.163],[0.179,-22.677],[22.782,0.193]],"o":[[0.111,-22.888],[21.879,0.158],[-0.175,22.353],[-22.522,-0.192]],"v":[[0.001,37.951],[39.025,0.001],[76.037,38.943],[37.398,76.241]]},"ix":2}},{"ty":"fl","bm":0,"hd":false,"mn":"ADBE Vector Graphic - Fill","nm":"Fill 1","c":{"a":0,"k":[1,1,1],"ix":4},"r":1,"o":{"a":0,"k":100,"ix":5}},{"ty":"tr","a":{"a":0,"k":[0,0],"ix":1},"s":{"a":0,"k":[100,100],"ix":3},"sk":{"a":0,"k":0,"ix":4},"p":{"a":0,"k":[0,0],"ix":2},"r":{"a":0,"k":0,"ix":6},"sa":{"a":0,"k":0,"ix":5},"o":{"a":0,"k":100,"ix":7}}]}],"ind":1},{"ty":4,"nm":"Path 13504","sr":1,"st":0,"op":47,"ip":0,"hd":false,"ddd":0,"bm":0,"hasMask":false,"ao":0,"ks":{"a":{"a":0,"k":[38.019,76.122,0],"ix":1},"s":{"a":1,"k":[{"o":{"x":0.333,"y":0},"i":{"x":0.897,"y":0.793},"s":[100,100,100],"t":4},{"o":{"x":0.25,"y":0.304},"i":{"x":0,"y":0.997},"s":[100,75,100],"t":7},{"o":{"x":0.71,"y":-0.005},"i":{"x":0,"y":0.948},"s":[100,60,100],"t":8},{"s":[100,100,100],"t":10}],"ix":6},"sk":{"a":0,"k":0},"p":{"a":1,"k":[{"o":{"x":0.333,"y":0},"i":{"x":0.667,"y":1},"s":[483.758,212.237,0],"t":0,"ti":[-2,-49.5,0],"to":[0,77.5,0]},{"o":{"x":0.333,"y":0},"i":{"x":0.667,"y":1},"s":[483.758,677.237,0],"t":7,"ti":[0,0,0],"to":[3.129,77.437,0]},{"s":[415.758,453.237,0],"t":14}],"ix":2},"r":{"a":0,"k":0,"ix":10},"sa":{"a":0,"k":0},"o":{"a":1,"k":[{"o":{"x":0.167,"y":0.167},"i":{"x":0.833,"y":0.833},"s":[0],"t":0},{"o":{"x":0.167,"y":0.167},"i":{"x":0.833,"y":0.833},"s":[100],"t":2},{"o":{"x":0.167,"y":0.167},"i":{"x":0.833,"y":0.833},"s":[100],"t":8},{"s":[0],"t":20}],"ix":11}},"ef":[],"shapes":[{"ty":"gr","bm":0,"hd":false,"mn":"ADBE Vector Group","nm":"Path 13504","ix":1,"cix":2,"np":2,"it":[{"ty":"sh","bm":0,"hd":false,"mn":"ADBE Vector Shape - Group","nm":"Path 1","ix":1,"d":1,"ks":{"a":0,"k":{"c":true,"i":[[-0.112,22.755],[-23.256,-0.163],[0.179,-22.677],[22.782,0.193]],"o":[[0.111,-22.888],[21.879,0.158],[-0.175,22.353],[-22.522,-0.192]],"v":[[0.001,37.951],[39.025,0.001],[76.037,38.943],[37.398,76.241]]},"ix":2}},{"ty":"fl","bm":0,"hd":false,"mn":"ADBE Vector Graphic - Fill","nm":"Fill 1","c":{"a":0,"k":[1,1,1],"ix":4},"r":1,"o":{"a":0,"k":100,"ix":5}},{"ty":"tr","a":{"a":0,"k":[0,0],"ix":1},"s":{"a":0,"k":[100,100],"ix":3},"sk":{"a":0,"k":0,"ix":4},"p":{"a":0,"k":[0,0],"ix":2},"r":{"a":0,"k":0,"ix":6},"sa":{"a":0,"k":0,"ix":5},"o":{"a":0,"k":100,"ix":7}}]}],"ind":2},{"ty":4,"nm":"Question","sr":1,"st":0,"op":1500,"ip":0,"hd":false,"ddd":0,"bm":0,"hasMask":false,"ao":0,"ks":{"a":{"a":0,"k":[0,0,0],"ix":1},"s":{"a":0,"k":[100,100,100],"ix":6},"sk":{"a":0,"k":0},"p":{"a":0,"k":[504,466.5,0],"ix":2},"r":{"a":0,"k":0,"ix":10},"sa":{"a":0,"k":0},"o":{"a":0,"k":100,"ix":11}},"ef":[],"shapes":[{"ty":"gr","bm":0,"hd":false,"mn":"ADBE Vector Group","nm":"Shape 1","ix":1,"cix":2,"np":3,"it":[{"ty":"sh","bm":0,"hd":false,"mn":"ADBE Vector Shape - Group","nm":"Path 1","ix":1,"d":1,"ks":{"a":0,"k":{"c":false,"i":[[-5.549,34.615],[-47.911,-11.36],[36.001,-61.045],[15,-20.5],[-2.5,-28.5]],"o":[[10.5,-65.5],[48.5,11.5],[-11.5,19.5],[-11.902,16.266],[1.009,11.499]],"v":[[-89,-49.5],[39.5,-124.5],[84.5,-11],[28,40.5],[1,101]]},"ix":2}},{"ty":"st","bm":0,"hd":false,"mn":"ADBE Vector Graphic - Stroke","nm":"Stroke 1","lc":2,"lj":1,"ml":4,"o":{"a":0,"k":100,"ix":4},"w":{"a":0,"k":64,"ix":5},"c":{"a":0,"k":[1,1,1],"ix":3}},{"ty":"tr","a":{"a":0,"k":[0,0],"ix":1},"s":{"a":0,"k":[100,100],"ix":3},"sk":{"a":0,"k":0,"ix":4},"p":{"a":0,"k":[0,0],"ix":2},"r":{"a":0,"k":0,"ix":6},"sa":{"a":0,"k":0,"ix":5},"o":{"a":0,"k":100,"ix":7}}]},{"ty":"tm","bm":0,"hd":false,"mn":"ADBE Vector Filter - Trim","nm":"Trim Paths 1","ix":2,"e":{"a":1,"k":[{"o":{"x":0.167,"y":0.167},"i":{"x":0.833,"y":0.833},"s":[0],"t":14},{"s":[100],"t":46}],"ix":2},"o":{"a":0,"k":0,"ix":3},"s":{"a":0,"k":0,"ix":1},"m":1}],"ind":3},{"ty":4,"nm":"Path 13505","sr":1,"st":0,"op":250,"ip":0,"hd":false,"ddd":0,"bm":0,"hasMask":false,"ao":0,"ks":{"a":{"a":0,"k":[342.01,342.01,0],"ix":1},"s":{"a":0,"k":[100,100,100],"ix":6},"sk":{"a":0,"k":0},"p":{"a":0,"k":[509.42,508.958,0],"ix":2},"r":{"a":0,"k":-108,"ix":10},"sa":{"a":0,"k":0},"o":{"a":0,"k":100,"ix":11}},"ef":[],"shapes":[{"ty":"gr","bm":0,"hd":false,"mn":"ADBE Vector Group","nm":"Path 13505","ix":1,"cix":2,"np":3,"it":[{"ty":"sh","bm":0,"hd":false,"mn":"ADBE Vector Shape - Group","nm":"Path 1","ix":1,"d":1,"ks":{"a":1,"k":[{"o":{"x":0.167,"y":0.167},"i":{"x":0.833,"y":0.833},"s":[{"c":true,"i":[[0,175.488],[-174.164,0],[0,-175.491],[174.165,0]],"o":[[0,-175.48],[174.174,0],[0,175.479],[-174.174,0]],"v":[[0,362.831],[323.207,0],[684.021,341.955],[373.584,684.021]]}],"t":0},{"o":{"x":0.167,"y":0.167},"i":{"x":0.833,"y":0.833},"s":[{"c":true,"i":[[0,163.535],[-161.018,0],[0,-163.537],[161.019,0]],"o":[[0,-163.527],[161.027,0],[0,163.526],[-161.027,0]],"v":[[25.954,364.805],[324.764,26.688],[658.343,345.351],[371.339,664.117]]}],"t":25},{"o":{"x":0.167,"y":0.167},"i":{"x":0.833,"y":0.833},"s":[{"c":true,"i":[[51.327,164.769],[-165.426,51.532],[-51.328,-164.771],[165.427,-51.532]],"o":[[-51.325,-164.762],[165.436,-51.535],[51.324,164.76],[-165.436,51.535]],"v":[[24.237,463.166],[225.108,26.866],[667.835,241.176],[473.021,654.2]]}],"t":50},{"o":{"x":0.167,"y":0.167},"i":{"x":0.833,"y":0.833},"s":[{"c":true,"i":[[109.503,138.523],[-138.871,109.926],[-109.504,-138.525],[138.872,-109.927]],"o":[[-109.498,-138.517],[138.879,-109.933],[109.497,138.516],[-138.879,109.933]],"v":[[82.345,577.696],[113.653,87.294],[614.727,129.488],[580.644,595.438]]}],"t":74},{"o":{"x":0.167,"y":0.167},"i":{"x":0.833,"y":0.833},"s":[{"c":true,"i":[[157.41,67.982],[-69.773,157.625],[-157.413,-67.983],[69.774,-157.627]],"o":[[-157.403,-67.979],[69.778,-157.635],[157.402,67.978],[-69.778,157.635]],"v":[[228.066,661.167],[32.094,228.095],[483.372,34.013],[665.833,447.483]]}],"t":100},{"o":{"x":0.167,"y":0.167},"i":{"x":0.833,"y":0.833},"s":[{"c":true,"i":[[154.748,70.154],[-68.593,162.662],[-154.75,-70.155],[68.594,-162.664]],"o":[[-154.741,-70.151],[68.598,-162.672],[154.74,70.151],[-68.598,162.672]],"v":[[224.579,671.188],[31.921,224.277],[475.567,23.993],[654.943,450.675]]}],"t":125},{"o":{"x":0.167,"y":0.167},"i":{"x":0.833,"y":0.833},"s":[{"c":true,"i":[[175.213,-6.123],[6.023,177.468],[-175.216,6.123],[-6.023,-177.47]],"o":[[-175.205,6.123],[-6.023,-177.479],[175.204,-6.123],[6.023,177.479]],"v":[[369.294,693.995],[-4.146,377.317],[324.796,-2.275],[677.061,302.116]]}],"t":150},{"o":{"x":0.167,"y":0.167},"i":{"x":0.833,"y":0.833},"s":[{"c":true,"i":[[167.866,-36.462],[36.913,171.129],[-167.869,36.463],[-36.914,-171.131]],"o":[[-167.859,36.461],[-36.916,-171.14],[167.858,-36.46],[36.916,171.14]],"v":[[435.986,671.658],[20.409,429.471],[271.04,3.894],[664.046,237.848]]}],"t":175},{"o":{"x":0.167,"y":0.167},"i":{"x":0.833,"y":0.833},"s":[{"c":true,"i":[[123.918,-115.575],[116.937,124.48],[-123.92,115.577],[-116.938,-124.481]],"o":[[-123.912,115.57],[-116.944,-124.488],[123.911,-115.569],[116.944,124.488]],"v":[[585.032,578.613],[111.817,586.565],[111.026,103.471],[561.002,100.067]]}],"t":200},{"o":{"x":0.167,"y":0.167},"i":{"x":0.833,"y":0.833},"s":[{"c":true,"i":[[113.895,-123.275],[126.834,111.584],[-113.897,123.277],[-126.835,-111.585]],"o":[[-113.89,123.269],[-126.842,-111.591],[113.889,-123.268],[126.842,111.591]],"v":[[603.682,548.908],[132.824,596.712],[91.998,125.332],[540.079,83.933]]}],"t":226},{"s":[{"c":true,"i":[[-12.748,-166.466],[167.175,-14.973],[12.748,166.469],[-167.177,14.974]],"o":[[12.747,166.459],[-167.186,14.974],[-12.747,-166.457],[167.186,-14.974]],"v":[[670.137,301.907],[386.256,673.873],[15.08,380.518],[288.212,29.349]]}],"t":249}],"ix":2}},{"ty":"fl","bm":0,"hd":false,"mn":"ADBE Vector Graphic - Fill","nm":"Fill 1","c":{"a":0,"k":[0.0118,0.2627,0.2824],"ix":4},"r":1,"o":{"a":0,"k":100,"ix":5}},{"ty":"tr","a":{"a":0,"k":[0,0],"ix":1},"s":{"a":0,"k":[100,100],"ix":3},"sk":{"a":0,"k":0,"ix":4},"p":{"a":0,"k":[0,0],"ix":2},"r":{"a":0,"k":0,"ix":6},"sa":{"a":0,"k":0,"ix":5},"o":{"a":0,"k":100,"ix":7}}]}],"ind":4},{"ty":4,"nm":"Shape Layer 1","sr":1,"st":0,"op":250,"ip":0,"hd":false,"ddd":0,"bm":0,"hasMask":false,"ao":0,"ks":{"a":{"a":0,"k":[0,0,0],"ix":1},"s":{"a":0,"k":[100,100,100],"ix":6},"sk":{"a":0,"k":0},"p":{"a":0,"k":[516,516,0],"ix":2},"r":{"a":0,"k":0,"ix":10},"sa":{"a":0,"k":0},"o":{"a":0,"k":100,"ix":11}},"ef":[],"shapes":[{"ty":"gr","bm":0,"hd":false,"mn":"ADBE Vector Group","nm":"Ellipse 1","ix":1,"cix":2,"np":2,"it":[{"ty":"el","bm":0,"hd":false,"mn":"ADBE Vector Shape - Ellipse","nm":"Ellipse Path 1","d":1,"p":{"a":0,"k":[0,0],"ix":3},"s":{"a":0,"k":[860,860],"ix":2}},{"ty":"gf","bm":0,"hd":false,"mn":"ADBE Vector Graphic - G-Fill","nm":"Gradient Fill 1","e":{"a":1,"k":[{"o":{"x":0.167,"y":0.167},"i":{"x":0.833,"y":0.833},"s":[332,268],"t":0},{"s":[-392,156],"t":75}],"ix":6},"g":{"p":3,"k":{"a":0,"k":[0,0,0.9333333333333333,1,0.5,0,0.7372549019607844,0.788235294117647,1,0,0.8117647058823529,0.8705882352941177],"ix":9}},"t":1,"a":{"a":0,"k":0},"h":{"a":0,"k":0},"s":{"a":1,"k":[{"o":{"x":0.167,"y":0.167},"i":{"x":0.833,"y":0.833},"s":[-361,-220],"t":0},{"s":[351,-240],"t":75}],"ix":5},"r":1,"o":{"a":0,"k":100,"ix":10}},{"ty":"tr","a":{"a":0,"k":[0,0],"ix":1},"s":{"a":0,"k":[100,100],"ix":3},"sk":{"a":0,"k":0,"ix":4},"p":{"a":0,"k":[-4,-5],"ix":2},"r":{"a":0,"k":0,"ix":6},"sa":{"a":0,"k":0,"ix":5},"o":{"a":0,"k":100,"ix":7}}]}],"ind":5},{"ty":4,"nm":"Path 13537","sr":1,"st":0,"op":250,"ip":0,"hd":false,"ddd":0,"bm":0,"hasMask":false,"ao":0,"ks":{"a":{"a":0,"k":[487.462,232.589,0],"ix":1},"s":{"a":0,"k":[100,100,100],"ix":6},"sk":{"a":0,"k":0},"p":{"a":0,"k":[511.962,765.123,0],"ix":2},"r":{"a":0,"k":0,"ix":10},"sa":{"a":0,"k":0},"o":{"a":0,"k":100,"ix":11}},"ef":[],"shapes":[{"ty":"gr","bm":0,"hd":false,"mn":"ADBE Vector Group","nm":"Path 13537","ix":1,"cix":2,"np":2,"it":[{"ty":"sh","bm":0,"hd":false,"mn":"ADBE Vector Shape - Group","nm":"Path 1","ix":1,"d":1,"ks":{"a":0,"k":{"c":false,"i":[[0,0],[269.216,0],[0,256.912]],"o":[[0,256.912],[-269.218,0],[0,0]],"v":[[974.924,0],[487.462,465.179],[0,0]]},"ix":2}},{"ty":"st","bm":0,"hd":false,"mn":"ADBE Vector Graphic - Stroke","nm":"Stroke 1","lc":1,"lj":1,"ml":4,"o":{"a":0,"k":100,"ix":4},"w":{"a":0,"k":23,"ix":5},"c":{"a":0,"k":[0.0196,0.4706,0.502],"ix":3}},{"ty":"tr","a":{"a":0,"k":[0,0],"ix":1},"s":{"a":0,"k":[100,100],"ix":3},"sk":{"a":0,"k":0,"ix":4},"p":{"a":0,"k":[0,0],"ix":2},"r":{"a":0,"k":0,"ix":6},"sa":{"a":0,"k":0,"ix":5},"o":{"a":0,"k":100,"ix":7}}]}],"ind":6},{"ty":4,"nm":"Ellipse 1128","sr":1,"st":0,"op":250,"ip":0,"hd":false,"ddd":0,"bm":0,"hasMask":false,"ao":0,"ks":{"a":{"a":0,"k":[0,0,0],"ix":1},"s":{"a":0,"k":[100,100,100],"ix":6},"sk":{"a":0,"k":0},"p":{"a":0,"k":[511.961,511.5,0],"ix":2},"r":{"a":0,"k":0,"ix":10},"sa":{"a":0,"k":0},"o":{"a":0,"k":100,"ix":11}},"ef":[],"shapes":[{"ty":"gr","bm":0,"hd":false,"mn":"ADBE Vector Group","nm":"Ellipse 1128","ix":1,"cix":2,"np":3,"it":[{"ty":"el","bm":0,"hd":false,"mn":"ADBE Vector Shape - Ellipse","nm":"Ellipse Path 1","d":1,"p":{"a":0,"k":[0,0],"ix":3},"s":{"a":0,"k":[977,977],"ix":2}},{"ty":"tm","bm":0,"hd":false,"mn":"ADBE Vector Filter - Trim","nm":"Trim Paths 1","ix":2,"e":{"a":0,"k":100,"ix":2},"o":{"a":1,"k":[{"o":{"x":0.333,"y":0},"i":{"x":0.667,"y":1},"s":[0],"t":0},{"s":[90],"t":75}],"ix":3},"s":{"a":0,"k":0,"ix":1},"m":1},{"ty":"st","bm":0,"hd":false,"mn":"ADBE Vector Graphic - Stroke","nm":"Stroke 1","lc":1,"lj":1,"ml":4,"o":{"a":0,"k":100,"ix":4},"w":{"a":0,"k":15,"ix":5},"d":[{"nm":"dash","n":"d","v":{"a":0,"k":40,"ix":1}}],"c":{"a":0,"k":[0.0196,0.4706,0.502],"ix":3}},{"ty":"tr","a":{"a":0,"k":[0,0],"ix":1},"s":{"a":0,"k":[100,100],"ix":3},"sk":{"a":0,"k":0,"ix":4},"p":{"a":0,"k":[0,0],"ix":2},"r":{"a":0,"k":0,"ix":6},"sa":{"a":0,"k":0,"ix":5},"o":{"a":0,"k":100,"ix":7}}]}],"ind":7}],"v":"5.6.5","fr":25,"op":76,"ip":0,"assets":[]}