{"nm":"Comp 1","ddd":0,"h":500,"w":500,"meta":{"g":"@lottiefiles/toolkit-js 0.33.2"},"layers":[{"ty":4,"nm":"Shape Layer 5","sr":1,"st":0,"op":387.000015762833,"ip":0,"hd":false,"ddd":0,"bm":0,"hasMask":false,"ao":0,"ks":{"a":{"a":0,"k":[0,0,0],"ix":1},"s":{"a":0,"k":[362.228,362.228,100],"ix":6},"sk":{"a":0,"k":0},"p":{"a":0,"k":[250,250,0],"ix":2},"r":{"a":0,"k":0,"ix":10},"sa":{"a":0,"k":0},"o":{"a":0,"k":100,"ix":11}},"ef":[],"shapes":[{"ty":"gr","bm":0,"hd":false,"mn":"ADBE Vector Group","nm":"Shape 1","ix":1,"cix":2,"np":3,"it":[{"ty":"sh","bm":0,"hd":false,"mn":"ADBE Vector Shape - Group","nm":"Path 1","ix":1,"d":1,"ks":{"a":0,"k":{"c":true,"i":[[-2.003,0],[-0.231,-6.654],[-4.034,-2.519],[0,-4.262],[3.615,-2.257],[0.165,-4.753],[6.655,0],[1.814,0.965],[2.33,0],[2.057,-1.094],[2.003,0],[0.231,6.654],[4.034,2.519],[0,4.262],[-3.615,2.257],[-0.165,4.753],[-6.655,0],[-1.814,-0.965],[-2.33,0],[-2.057,1.094]],"o":[[6.655,0],[0.165,4.753],[3.615,2.257],[0,4.262],[-4.034,2.519],[-0.231,6.654],[-2.003,0],[-2.057,-1.094],[-2.33,0],[-1.814,0.965],[-6.655,0],[-0.165,-4.753],[-3.615,-2.257],[0,-4.262],[4.034,-2.519],[0.231,-6.654],[2.003,0],[2.057,1.094],[2.33,0],[1.814,-0.965]],"v":[[12.457,-33.889],[24.737,-22.024],[31.441,-10.411],[37.214,0],[31.442,10.411],[24.737,22.024],[12.457,33.889],[6.705,32.435],[0,30.762],[-6.705,32.435],[-12.457,33.889],[-24.737,22.024],[-31.441,10.411],[-37.214,0],[-31.441,-10.411],[-24.737,-22.024],[-12.457,-33.889],[-6.705,-32.434],[0,-30.762],[6.705,-32.434]]},"ix":2}},{"ty":"gs","bm":0,"hd":false,"mn":"ADBE Vector Graphic - G-Stroke","nm":"Gradient Stroke 1","e":{"a":0,"k":[100,0],"ix":5},"g":{"p":3,"k":{"a":0,"k":[0,0.0196078431372549,0.47058823529411764,0.5019607843137255,0.485,0.30980392156862746,0.8,0.8352941176470589,1,0,0.9333333333333333,1],"ix":8}},"t":1,"a":{"a":0,"k":0},"h":{"a":0,"k":0},"s":{"a":0,"k":[0,0],"ix":4},"lc":2,"lj":1,"ml":4,"o":{"a":0,"k":100,"ix":9},"w":{"a":0,"k":2,"ix":10}},{"ty":"fl","bm":0,"hd":false,"mn":"ADBE Vector Graphic - Fill","nm":"Fill 1","c":{"a":0,"k":[0.4118,0.6784,0.7765],"ix":4},"r":1,"o":{"a":0,"k":0,"ix":5}},{"ty":"tr","a":{"a":0,"k":[0,0],"ix":1},"s":{"a":0,"k":[100,100],"ix":3},"sk":{"a":0,"k":0,"ix":4},"p":{"a":0,"k":[0,0],"ix":2},"r":{"a":0,"k":0,"ix":6},"sa":{"a":0,"k":0,"ix":5},"o":{"a":0,"k":100,"ix":7}}]},{"ty":"tm","bm":0,"hd":false,"mn":"ADBE Vector Filter - Trim","nm":"Trim Paths 1","ix":2,"e":{"a":0,"k":28,"ix":2},"o":{"a":1,"k":[{"o":{"x":0.167,"y":0.167},"i":{"x":0.833,"y":0.833},"s":[0],"t":0},{"s":[360],"t":90.0000036657751}],"ix":3},"s":{"a":0,"k":0,"ix":1},"m":1}],"ind":1},{"ty":4,"nm":"Shape Layer 4","sr":1,"st":0,"op":387.000015762833,"ip":0,"hd":false,"ddd":0,"bm":0,"hasMask":false,"ao":0,"ks":{"a":{"a":0,"k":[0,0,0],"ix":1},"s":{"a":0,"k":[362.228,362.228,100],"ix":6},"sk":{"a":0,"k":0},"p":{"a":0,"k":[250,250,0],"ix":2},"r":{"a":0,"k":60,"ix":10},"sa":{"a":0,"k":0},"o":{"a":0,"k":100,"ix":11}},"ef":[],"shapes":[{"ty":"gr","bm":0,"hd":false,"mn":"ADBE Vector Group","nm":"Shape 1","ix":1,"cix":2,"np":3,"it":[{"ty":"sh","bm":0,"hd":false,"mn":"ADBE Vector Shape - Group","nm":"Path 1","ix":1,"d":1,"ks":{"a":0,"k":{"c":true,"i":[[-2.003,0],[-0.231,-6.654],[-4.034,-2.519],[0,-4.262],[3.615,-2.257],[0.165,-4.753],[6.655,0],[1.814,0.965],[2.33,0],[2.057,-1.094],[2.003,0],[0.231,6.654],[4.034,2.519],[0,4.262],[-3.615,2.257],[-0.165,4.753],[-6.655,0],[-1.814,-0.965],[-2.33,0],[-2.057,1.094]],"o":[[6.655,0],[0.165,4.753],[3.615,2.257],[0,4.262],[-4.034,2.519],[-0.231,6.654],[-2.003,0],[-2.057,-1.094],[-2.33,0],[-1.814,0.965],[-6.655,0],[-0.165,-4.753],[-3.615,-2.257],[0,-4.262],[4.034,-2.519],[0.231,-6.654],[2.003,0],[2.057,1.094],[2.33,0],[1.814,-0.965]],"v":[[12.457,-33.889],[24.737,-22.024],[31.441,-10.411],[37.214,0],[31.442,10.411],[24.737,22.024],[12.457,33.889],[6.705,32.435],[0,30.762],[-6.705,32.435],[-12.457,33.889],[-24.737,22.024],[-31.441,10.411],[-37.214,0],[-31.441,-10.411],[-24.737,-22.024],[-12.457,-33.889],[-6.705,-32.434],[0,-30.762],[6.705,-32.434]]},"ix":2}},{"ty":"gs","bm":0,"hd":false,"mn":"ADBE Vector Graphic - G-Stroke","nm":"Gradient Stroke 1","e":{"a":0,"k":[100,0],"ix":5},"g":{"p":3,"k":{"a":0,"k":[0,0.011764705882352941,0.7843137254901961,1,0.485,0.24705882352941178,0.38823529411764707,1,1,0.49411764705882355,0,1],"ix":8}},"t":1,"a":{"a":0,"k":0},"h":{"a":0,"k":0},"s":{"a":0,"k":[0,0],"ix":4},"lc":2,"lj":1,"ml":4,"o":{"a":0,"k":100,"ix":9},"w":{"a":0,"k":0.5,"ix":10}},{"ty":"fl","bm":0,"hd":false,"mn":"ADBE Vector Graphic - Fill","nm":"Fill 1","c":{"a":0,"k":[0.4118,0.6784,0.7765],"ix":4},"r":1,"o":{"a":0,"k":0,"ix":5}},{"ty":"tr","a":{"a":0,"k":[0,0],"ix":1},"s":{"a":0,"k":[100,100],"ix":3},"sk":{"a":0,"k":0,"ix":4},"p":{"a":0,"k":[0,0],"ix":2},"r":{"a":0,"k":0,"ix":6},"sa":{"a":0,"k":0,"ix":5},"o":{"a":0,"k":100,"ix":7}}]},{"ty":"tm","bm":0,"hd":false,"mn":"ADBE Vector Filter - Trim","nm":"Trim Paths 1","ix":2,"e":{"a":0,"k":28,"ix":2},"o":{"a":1,"k":[{"o":{"x":0.167,"y":0.167},"i":{"x":0.833,"y":0.833},"s":[0],"t":0},{"s":[360],"t":90.0000036657751}],"ix":3},"s":{"a":0,"k":0,"ix":1},"m":1}],"ind":2},{"ty":4,"nm":"Shape Layer 3","sr":1,"st":0,"op":387.000015762833,"ip":0,"hd":false,"ddd":0,"bm":0,"hasMask":false,"ao":0,"ks":{"a":{"a":0,"k":[0,0,0],"ix":1},"s":{"a":0,"k":[362.228,362.228,100],"ix":6},"sk":{"a":0,"k":0},"p":{"a":0,"k":[250,250,0],"ix":2},"r":{"a":0,"k":30,"ix":10},"sa":{"a":0,"k":0},"o":{"a":0,"k":100,"ix":11}},"ef":[],"shapes":[{"ty":"gr","bm":0,"hd":false,"mn":"ADBE Vector Group","nm":"Shape 1","ix":1,"cix":2,"np":3,"it":[{"ty":"sh","bm":0,"hd":false,"mn":"ADBE Vector Shape - Group","nm":"Path 1","ix":1,"d":1,"ks":{"a":0,"k":{"c":true,"i":[[-2.003,0],[-0.231,-6.654],[-4.034,-2.519],[0,-4.262],[3.615,-2.257],[0.165,-4.753],[6.655,0],[1.814,0.965],[2.33,0],[2.057,-1.094],[2.003,0],[0.231,6.654],[4.034,2.519],[0,4.262],[-3.615,2.257],[-0.165,4.753],[-6.655,0],[-1.814,-0.965],[-2.33,0],[-2.057,1.094]],"o":[[6.655,0],[0.165,4.753],[3.615,2.257],[0,4.262],[-4.034,2.519],[-0.231,6.654],[-2.003,0],[-2.057,-1.094],[-2.33,0],[-1.814,0.965],[-6.655,0],[-0.165,-4.753],[-3.615,-2.257],[0,-4.262],[4.034,-2.519],[0.231,-6.654],[2.003,0],[2.057,1.094],[2.33,0],[1.814,-0.965]],"v":[[12.457,-33.889],[24.737,-22.024],[31.441,-10.411],[37.214,0],[31.442,10.411],[24.737,22.024],[12.457,33.889],[6.705,32.435],[0,30.762],[-6.705,32.435],[-12.457,33.889],[-24.737,22.024],[-31.441,10.411],[-37.214,0],[-31.441,-10.411],[-24.737,-22.024],[-12.457,-33.889],[-6.705,-32.434],[0,-30.762],[6.705,-32.434]]},"ix":2}},{"ty":"gs","bm":0,"hd":false,"mn":"ADBE Vector Graphic - G-Stroke","nm":"Gradient Stroke 1","e":{"a":0,"k":[100,0],"ix":5},"g":{"p":3,"k":{"a":0,"k":[0,0.03529411764705882,0.48627450980392156,0.5176470588235295,0.485,0.5019607843137255,0.8117647058823529,0.5019607843137255,1,0,0.8,1],"ix":8}},"t":1,"a":{"a":0,"k":0},"h":{"a":0,"k":0},"s":{"a":0,"k":[0,0],"ix":4},"lc":2,"lj":1,"ml":4,"o":{"a":0,"k":100,"ix":9},"w":{"a":0,"k":0.5,"ix":10}},{"ty":"fl","bm":0,"hd":false,"mn":"ADBE Vector Graphic - Fill","nm":"Fill 1","c":{"a":0,"k":[0.4118,0.6784,0.7765],"ix":4},"r":1,"o":{"a":0,"k":0,"ix":5}},{"ty":"tr","a":{"a":0,"k":[0,0],"ix":1},"s":{"a":0,"k":[100,100],"ix":3},"sk":{"a":0,"k":0,"ix":4},"p":{"a":0,"k":[0,0],"ix":2},"r":{"a":0,"k":0,"ix":6},"sa":{"a":0,"k":0,"ix":5},"o":{"a":0,"k":100,"ix":7}}]},{"ty":"tm","bm":0,"hd":false,"mn":"ADBE Vector Filter - Trim","nm":"Trim Paths 1","ix":2,"e":{"a":0,"k":28,"ix":2},"o":{"a":1,"k":[{"o":{"x":0.167,"y":0.167},"i":{"x":0.833,"y":0.833},"s":[0],"t":0},{"s":[360],"t":90.0000036657751}],"ix":3},"s":{"a":0,"k":0,"ix":1},"m":1}],"ind":3},{"ty":4,"nm":"Shape Layer 1","sr":1,"st":0,"op":387.000015762833,"ip":0,"hd":false,"ddd":0,"bm":0,"hasMask":false,"ao":0,"ks":{"a":{"a":0,"k":[0,0,0],"ix":1},"s":{"a":0,"k":[362.228,362.228,100],"ix":6},"sk":{"a":0,"k":0},"p":{"a":0,"k":[250,250,0],"ix":2},"r":{"a":0,"k":0,"ix":10},"sa":{"a":0,"k":0},"o":{"a":0,"k":8,"ix":11}},"ef":[],"shapes":[{"ty":"gr","bm":0,"hd":false,"mn":"ADBE Vector Group","nm":"Shape 1","ix":1,"cix":2,"np":3,"it":[{"ty":"sh","bm":0,"hd":false,"mn":"ADBE Vector Shape - Group","nm":"Path 1","ix":1,"d":1,"ks":{"a":0,"k":{"c":true,"i":[[-2.003,0],[-0.231,-6.654],[-4.034,-2.519],[0,-4.262],[3.615,-2.257],[0.165,-4.753],[6.655,0],[1.814,0.965],[2.33,0],[2.057,-1.094],[2.003,0],[0.231,6.654],[4.034,2.519],[0,4.262],[-3.615,2.257],[-0.165,4.753],[-6.655,0],[-1.814,-0.965],[-2.33,0],[-2.057,1.094]],"o":[[6.655,0],[0.165,4.753],[3.615,2.257],[0,4.262],[-4.034,2.519],[-0.231,6.654],[-2.003,0],[-2.057,-1.094],[-2.33,0],[-1.814,0.965],[-6.655,0],[-0.165,-4.753],[-3.615,-2.257],[0,-4.262],[4.034,-2.519],[0.231,-6.654],[2.003,0],[2.057,1.094],[2.33,0],[1.814,-0.965]],"v":[[12.457,-33.889],[24.737,-22.024],[31.441,-10.411],[37.214,0],[31.442,10.411],[24.737,22.024],[12.457,33.889],[6.705,32.435],[0,30.762],[-6.705,32.435],[-12.457,33.889],[-24.737,22.024],[-31.441,10.411],[-37.214,0],[-31.441,-10.411],[-24.737,-22.024],[-12.457,-33.889],[-6.705,-32.434],[0,-30.762],[6.705,-32.434]]},"ix":2}},{"ty":"st","bm":0,"hd":false,"mn":"ADBE Vector Graphic - Stroke","nm":"Stroke 1","lc":2,"lj":1,"ml":4,"o":{"a":0,"k":100,"ix":4},"w":{"a":0,"k":4,"ix":5},"c":{"a":0,"k":[0.9216,0.9961,1],"ix":3}},{"ty":"fl","bm":0,"hd":false,"mn":"ADBE Vector Graphic - Fill","nm":"Fill 1","c":{"a":0,"k":[0.7255,0.9255,1],"ix":4},"r":1,"o":{"a":0,"k":0,"ix":5}},{"ty":"tr","a":{"a":0,"k":[0,0],"ix":1},"s":{"a":0,"k":[100,100],"ix":3},"sk":{"a":0,"k":0,"ix":4},"p":{"a":0,"k":[0,0],"ix":2},"r":{"a":0,"k":0,"ix":6},"sa":{"a":0,"k":0,"ix":5},"o":{"a":0,"k":100,"ix":7}}]},{"ty":"tm","bm":0,"hd":false,"mn":"ADBE Vector Filter - Trim","nm":"Trim Paths 1","ix":2,"e":{"a":0,"k":100,"ix":2},"o":{"a":0,"k":0,"ix":3},"s":{"a":0,"k":0,"ix":1},"m":1}],"ind":4}],"v":"5.5.5","fr":29.9700012207031,"op":91.000003706506,"ip":0,"assets":[]}