{"nm":"Bot Say Hello","ddd":0,"h":500,"w":500,"meta":{"g":"@lottiefiles/toolkit-js 0.33.2"},"layers":[{"ty":4,"nm":"Hello","sr":1,"st":0,"op":301,"ip":0,"hd":false,"ddd":0,"bm":0,"hasMask":false,"ao":0,"ks":{"a":{"a":0,"k":[162.224,115.604,0],"ix":1},"s":{"a":1,"k":[{"o":{"x":0.333,"y":0},"i":{"x":0,"y":1},"s":[0,0,100],"t":10},{"s":[100,100,100],"t":20}],"ix":6},"sk":{"a":0,"k":0},"p":{"a":0,"k":[181.007,234.65,0],"ix":2},"r":{"a":0,"k":0,"ix":10},"sa":{"a":0,"k":0},"o":{"a":0,"k":100,"ix":11}},"ef":[],"shapes":[{"ty":"gr","bm":0,"hd":false,"mn":"ADBE Vector Group","nm":"Group 1","ix":1,"cix":2,"np":2,"it":[{"ty":"sh","bm":0,"hd":false,"mn":"ADBE Vector Shape - Group","nm":"Path 1","ix":1,"d":1,"ks":{"a":0,"k":{"c":true,"i":[[-2.447,-6.873],[0.346,-0.217],[1.529,3.354],[-0.571,0.019]],"o":[[1.431,4.018],[-0.389,0.245],[-2.675,-5.871],[0.48,-0.017]],"v":[[0.832,2.261],[3.415,8.844],[-1.085,3.178],[-1.751,-9.072]]},"ix":2}},{"ty":"fl","bm":0,"hd":false,"mn":"ADBE Vector Graphic - Fill","nm":"Fill 1","c":{"a":0,"k":[1,1,1],"ix":4},"r":1,"o":{"a":0,"k":100,"ix":5}},{"ty":"tr","a":{"a":0,"k":[0,0],"ix":1},"s":{"a":0,"k":[100,100],"ix":3},"sk":{"a":0,"k":0,"ix":4},"p":{"a":0,"k":[144.052,99.027],"ix":2},"r":{"a":0,"k":0,"ix":6},"sa":{"a":0,"k":0,"ix":5},"o":{"a":0,"k":100,"ix":7}}]},{"ty":"gr","bm":0,"hd":false,"mn":"ADBE Vector Group","nm":"Group 2","ix":2,"cix":2,"np":2,"it":[{"ty":"sh","bm":0,"hd":false,"mn":"ADBE Vector Shape - Group","nm":"Path 1","ix":1,"d":1,"ks":{"a":0,"k":{"c":true,"i":[[-0.173,-3.067],[0.207,-0.012],[0.173,3.067],[-0.207,0.012]],"o":[[0.173,3.067],[-0.207,0.011],[-0.173,-3.067],[0.207,-0.011]],"v":[[0.374,-0.021],[0.314,5.554],[-0.374,0.021],[-0.314,-5.554]]},"ix":2}},{"ty":"fl","bm":0,"hd":false,"mn":"ADBE Vector Graphic - Fill","nm":"Fill 1","c":{"a":0,"k":[1,1,1],"ix":4},"r":1,"o":{"a":0,"k":100,"ix":5}},{"ty":"tr","a":{"a":0,"k":[0,0],"ix":1},"s":{"a":0,"k":[100,100],"ix":3},"sk":{"a":0,"k":0,"ix":4},"p":{"a":0,"k":[32.467,40.642],"ix":2},"r":{"a":0,"k":0,"ix":6},"sa":{"a":0,"k":0,"ix":5},"o":{"a":0,"k":100,"ix":7}}]},{"ty":"gr","bm":0,"hd":false,"mn":"ADBE Vector Group","nm":"Group 3","ix":3,"cix":2,"np":2,"it":[{"ty":"sh","bm":0,"hd":false,"mn":"ADBE Vector Shape - Group","nm":"Path 1","ix":1,"d":1,"ks":{"a":0,"k":{"c":true,"i":[[0,-0.598],[1.317,0],[0,0.598],[-1.317,0]],"o":[[0,0.598],[-1.317,0],[0,-0.598],[1.317,0]],"v":[[2.385,0],[0.001,1.083],[-2.385,0],[0.001,-1.083]]},"ix":2}},{"ty":"fl","bm":0,"hd":false,"mn":"ADBE Vector Graphic - Fill","nm":"Fill 1","c":{"a":0,"k":[1,1,1],"ix":4},"r":1,"o":{"a":0,"k":100,"ix":5}},{"ty":"tr","a":{"a":0,"k":[0,0],"ix":1},"s":{"a":0,"k":[100,100],"ix":3},"sk":{"a":0,"k":0,"ix":4},"p":{"a":0,"k":[76.612,5.314],"ix":2},"r":{"a":0,"k":0,"ix":6},"sa":{"a":0,"k":0,"ix":5},"o":{"a":0,"k":100,"ix":7}}]},{"ty":"gr","bm":0,"hd":false,"mn":"ADBE Vector Group","nm":"Group 4","ix":4,"cix":2,"np":2,"it":[{"ty":"sh","bm":0,"hd":false,"mn":"ADBE Vector Shape - Group","nm":"Path 1","ix":1,"d":1,"ks":{"a":0,"k":{"c":true,"i":[[0,-1.104],[4.863,0],[0,1.104],[-4.862,0]],"o":[[0,1.104],[-4.862,0],[0,-1.104],[4.863,0]],"v":[[8.803,0],[-0.001,2],[-8.803,0],[-0.001,-2]]},"ix":2}},{"ty":"fl","bm":0,"hd":false,"mn":"ADBE Vector Graphic - Fill","nm":"Fill 1","c":{"a":0,"k":[1,1,1],"ix":4},"r":1,"o":{"a":0,"k":100,"ix":5}},{"ty":"tr","a":{"a":0,"k":[0,0],"ix":1},"s":{"a":0,"k":[100,100],"ix":3},"sk":{"a":0,"k":0,"ix":4},"p":{"a":0,"k":[59.422,5.314],"ix":2},"r":{"a":0,"k":0,"ix":6},"sa":{"a":0,"k":0,"ix":5},"o":{"a":0,"k":100,"ix":7}}]},{"ty":"gr","bm":0,"hd":false,"mn":"ADBE Vector Group","nm":"Group 5","ix":5,"cix":2,"np":2,"it":[{"ty":"sh","bm":0,"hd":false,"mn":"ADBE Vector Shape - Group","nm":"Path 1","ix":1,"d":1,"ks":{"a":0,"k":{"c":true,"i":[[0,-0.693],[0.692,0],[0,0.693],[-0.694,0]],"o":[[0,0.693],[-0.694,0],[0,-0.693],[0.692,0]],"v":[[1.255,0],[0,1.255],[-1.255,0],[0,-1.255]]},"ix":2}},{"ty":"fl","bm":0,"hd":false,"mn":"ADBE Vector Graphic - Fill","nm":"Fill 1","c":{"a":0,"k":[1,1,1],"ix":4},"r":1,"o":{"a":0,"k":100,"ix":5}},{"ty":"tr","a":{"a":0,"k":[0,0],"ix":1},"s":{"a":0,"k":[100,100],"ix":3},"sk":{"a":0,"k":0,"ix":4},"p":{"a":0,"k":[157.645,41.419],"ix":2},"r":{"a":0,"k":0,"ix":6},"sa":{"a":0,"k":0,"ix":5},"o":{"a":0,"k":100,"ix":7}}]},{"ty":"gr","bm":0,"hd":false,"mn":"ADBE Vector Group","nm":"Group 6","ix":6,"cix":2,"np":2,"it":[{"ty":"sh","bm":0,"hd":false,"mn":"ADBE Vector Shape - Group","nm":"Path 1","ix":1,"d":1,"ks":{"a":0,"k":{"c":true,"i":[[1.141,-0.847],[18.329,9.737],[-0.219,0.995],[-10.898,-5.452]],"o":[[-1.054,0.783],[-10.312,-5.479],[0.258,-1.168],[16.368,8.189]],"v":[[22.153,15.829],[-4.57,-7.334],[-23.075,-15.014],[0.102,-11.16]]},"ix":2}},{"ty":"fl","bm":0,"hd":false,"mn":"ADBE Vector Graphic - Fill","nm":"Fill 1","c":{"a":0,"k":[1,1,1],"ix":4},"r":1,"o":{"a":0,"k":100,"ix":5}},{"ty":"tr","a":{"a":0,"k":[0,0],"ix":1},"s":{"a":0,"k":[100,100],"ix":3},"sk":{"a":0,"k":0,"ix":4},"p":{"a":0,"k":[134.115,20.115],"ix":2},"r":{"a":0,"k":0,"ix":6},"sa":{"a":0,"k":0,"ix":5},"o":{"a":0,"k":100,"ix":7}}]},{"ty":"gr","bm":0,"hd":false,"mn":"ADBE Vector Group","nm":"Group 7","ix":7,"cix":2,"np":2,"it":[{"ty":"sh","bm":0,"hd":false,"mn":"ADBE Vector Shape - Group","nm":"Path 1","ix":1,"d":1,"ks":{"a":0,"k":{"c":true,"i":[[0.919,-1.25],[0.44,2.379],[0,0],[0.009,0.625],[0.111,0.101],[-1.689,0.22],[-0.439,-0.159],[-0.046,-0.138]],"o":[[-0.688,0.946],[0,0],[-0.009,-0.156],[-0.002,-0.138],[-0.902,-0.816],[1.493,-0.195],[0.192,0.069],[0.863,4.822]],"v":[[2.718,13.806],[1.497,-11.967],[1.497,-12.124],[1.469,-13.216],[1.229,-13.932],[-1.948,-14.557],[1.707,-14.448],[1.956,-13.868]]},"ix":2}},{"ty":"fl","bm":0,"hd":false,"mn":"ADBE Vector Graphic - Fill","nm":"Fill 1","c":{"a":0,"k":[1,1,1],"ix":4},"r":1,"o":{"a":0,"k":100,"ix":5}},{"ty":"tr","a":{"a":0,"k":[0,0],"ix":1},"s":{"a":0,"k":[100,100],"ix":3},"sk":{"a":0,"k":0,"ix":4},"p":{"a":0,"k":[47.186,48.396],"ix":2},"r":{"a":0,"k":0,"ix":6},"sa":{"a":0,"k":0,"ix":5},"o":{"a":0,"k":100,"ix":7}}]},{"ty":"gr","bm":0,"hd":false,"mn":"ADBE Vector Group","nm":"Group 8","ix":8,"cix":2,"np":2,"it":[{"ty":"sh","bm":0,"hd":false,"mn":"ADBE Vector Shape - Group","nm":"Path 1","ix":1,"d":1,"ks":{"a":0,"k":{"c":true,"i":[[-1.382,-1.533],[-0.043,0.102],[1.801,2.748],[0.558,0],[0.02,-0.015]],"o":[[2.159,2.394],[0.046,-0.107],[-0.847,-1.293],[-0.013,0],[-0.286,0.208]],"v":[[-1.428,0.666],[3.858,3.419],[-1.319,0.106],[-3.563,-3.521],[-3.618,-3.506]]},"ix":2}},{"ty":"fl","bm":0,"hd":false,"mn":"ADBE Vector Graphic - Fill","nm":"Fill 1","c":{"a":0,"k":[1,1,1],"ix":4},"r":1,"o":{"a":0,"k":100,"ix":5}},{"ty":"tr","a":{"a":0,"k":[0,0],"ix":1},"s":{"a":0,"k":[100,100],"ix":3},"sk":{"a":0,"k":0,"ix":4},"p":{"a":0,"k":[59.239,62.023],"ix":2},"r":{"a":0,"k":0,"ix":6},"sa":{"a":0,"k":0,"ix":5},"o":{"a":0,"k":100,"ix":7}}]},{"ty":"gr","bm":0,"hd":false,"mn":"ADBE Vector Group","nm":"Group 9","ix":9,"cix":2,"np":2,"it":[{"ty":"sh","bm":0,"hd":false,"mn":"ADBE Vector Shape - Group","nm":"Path 1","ix":1,"d":1,"ks":{"a":0,"k":{"c":true,"i":[[0,0],[1.858,-0.458],[-1.455,-1.258]],"o":[[-0.462,-2.608],[-1.859,0.458],[1.456,1.259]],"v":[[3.578,2.768],[-1.719,-2.31],[1.938,0.816]]},"ix":2}},{"ty":"fl","bm":0,"hd":false,"mn":"ADBE Vector Graphic - Fill","nm":"Fill 1","c":{"a":0,"k":[1,1,1],"ix":4},"r":1,"o":{"a":0,"k":100,"ix":5}},{"ty":"tr","a":{"a":0,"k":[0,0],"ix":1},"s":{"a":0,"k":[100,100],"ix":3},"sk":{"a":0,"k":0,"ix":4},"p":{"a":0,"k":[70.547,45.066],"ix":2},"r":{"a":0,"k":0,"ix":6},"sa":{"a":0,"k":0,"ix":5},"o":{"a":0,"k":100,"ix":7}}]},{"ty":"gr","bm":0,"hd":false,"mn":"ADBE Vector Group","nm":"Group 10","ix":10,"cix":2,"np":2,"it":[{"ty":"sh","bm":0,"hd":false,"mn":"ADBE Vector Shape - Group","nm":"Path 1","ix":1,"d":1,"ks":{"a":0,"k":{"c":true,"i":[[-0.424,0.004],[0.307,-3.49]],"o":[[1.055,-0.01],[-0.306,3.489]],"v":[[-0.516,-13.123],[0.633,9.644]]},"ix":2}},{"ty":"fl","bm":0,"hd":false,"mn":"ADBE Vector Graphic - Fill","nm":"Fill 1","c":{"a":0,"k":[1,1,1],"ix":4},"r":1,"o":{"a":0,"k":100,"ix":5}},{"ty":"tr","a":{"a":0,"k":[0,0],"ix":1},"s":{"a":0,"k":[100,100],"ix":3},"sk":{"a":0,"k":0,"ix":4},"p":{"a":0,"k":[98.502,44.443],"ix":2},"r":{"a":0,"k":0,"ix":6},"sa":{"a":0,"k":0,"ix":5},"o":{"a":0,"k":100,"ix":7}}]},{"ty":"gr","bm":0,"hd":false,"mn":"ADBE Vector Group","nm":"Group 11","ix":11,"cix":2,"np":2,"it":[{"ty":"sh","bm":0,"hd":false,"mn":"ADBE Vector Shape - Group","nm":"Path 1","ix":1,"d":1,"ks":{"a":0,"k":{"c":true,"i":[[-0.819,-2.971],[1.986,2.216],[1.039,-0.121],[0.044,-0.28],[-2.052,-1.539]],"o":[[0.006,-0.959],[-1.707,-1.905],[-0.198,0.023],[-0.091,0.582],[1.148,0.86]],"v":[[4.061,4.218],[1.967,-1.691],[-3.062,-4.097],[-3.976,-3.678],[0.731,-1.151]]},"ix":2}},{"ty":"fl","bm":0,"hd":false,"mn":"ADBE Vector Graphic - Fill","nm":"Fill 1","c":{"a":0,"k":[1,1,1],"ix":4},"r":1,"o":{"a":0,"k":100,"ix":5}},{"ty":"tr","a":{"a":0,"k":[0,0],"ix":1},"s":{"a":0,"k":[100,100],"ix":3},"sk":{"a":0,"k":0,"ix":4},"p":{"a":0,"k":[120.646,44.912],"ix":2},"r":{"a":0,"k":0,"ix":6},"sa":{"a":0,"k":0,"ix":5},"o":{"a":0,"k":100,"ix":7}}]},{"ty":"gr","bm":0,"hd":false,"mn":"ADBE Vector Group","nm":"Group 12","ix":12,"cix":2,"np":2,"it":[{"ty":"sh","bm":0,"hd":false,"mn":"ADBE Vector Shape - Group","nm":"Path 1","ix":1,"d":1,"ks":{"a":0,"k":{"c":true,"i":[[0,-0.571],[0.571,0],[0,0.571],[-0.57,0]],"o":[[0,0.571],[-0.57,0],[0,-0.571],[0.571,0]],"v":[[1.034,0],[-0.001,1.033],[-1.033,0],[-0.001,-1.033]]},"ix":2}},{"ty":"fl","bm":0,"hd":false,"mn":"ADBE Vector Graphic - Fill","nm":"Fill 1","c":{"a":0,"k":[1,1,1],"ix":4},"r":1,"o":{"a":0,"k":100,"ix":5}},{"ty":"tr","a":{"a":0,"k":[0,0],"ix":1},"s":{"a":0,"k":[100,100],"ix":3},"sk":{"a":0,"k":0,"ix":4},"p":{"a":0,"k":[137.205,56.663],"ix":2},"r":{"a":0,"k":0,"ix":6},"sa":{"a":0,"k":0,"ix":5},"o":{"a":0,"k":100,"ix":7}}]},{"ty":"gr","bm":0,"hd":false,"mn":"ADBE Vector Group","nm":"Group 13","ix":13,"cix":2,"np":2,"it":[{"ty":"sh","bm":0,"hd":false,"mn":"ADBE Vector Shape - Group","nm":"Path 1","ix":1,"d":1,"ks":{"a":0,"k":{"c":true,"i":[[0.438,-8.742],[-0.944,0.469]],"o":[[0,0],[0.944,-0.469]],"v":[[0.73,9.068],[-0.225,-8.6]]},"ix":2}},{"ty":"fl","bm":0,"hd":false,"mn":"ADBE Vector Graphic - Fill","nm":"Fill 1","c":{"a":0,"k":[1,1,1],"ix":4},"r":1,"o":{"a":0,"k":100,"ix":5}},{"ty":"tr","a":{"a":0,"k":[0,0],"ix":1},"s":{"a":0,"k":[100,100],"ix":3},"sk":{"a":0,"k":0,"ix":4},"p":{"a":0,"k":[135.626,38.909],"ix":2},"r":{"a":0,"k":0,"ix":6},"sa":{"a":0,"k":0,"ix":5},"o":{"a":0,"k":100,"ix":7}}]},{"ty":"gr","bm":0,"hd":false,"mn":"ADBE Vector Group","nm":"Group 14","ix":14,"cix":2,"np":4,"it":[{"ty":"sh","bm":0,"hd":false,"mn":"ADBE Vector Shape - Group","nm":"Path 1","ix":1,"d":1,"ks":{"a":0,"k":{"c":true,"i":[[0,0],[2.296,-0.105],[0.007,0.161],[0,0],[-2.939,0.135],[-0.01,-0.225]],"o":[[0.009,0.193],[-2.297,0.106],[0,0],[-0.012,-0.257],[2.938,-0.135],[0,0]],"v":[[3.762,6.752],[0.331,7.2],[-3.124,7.118],[-5.179,-16.588],[-0.789,-17.175],[3.634,-17.041]]},"ix":2}},{"ty":"sh","bm":0,"hd":false,"mn":"ADBE Vector Shape - Group","nm":"Path 2","ix":2,"d":1,"ks":{"a":0,"k":{"c":true,"i":[[0,0],[-2.971,0.136],[-0.009,-0.193],[0,0],[2.97,-0.136],[0.009,0.193]],"o":[[-0.011,-0.225],[2.97,-0.137],[0,0],[0.015,0.321],[-2.97,0.137],[0,0]],"v":[[-4.053,10.008],[0.387,9.467],[4.856,9.55],[5.175,16.488],[0.741,17.174],[-3.728,17.089]]},"ix":2}},{"ty":"mm","bm":0,"hd":false,"mn":"ADBE Vector Filter - Merge","nm":"Merge Paths 1","mm":1},{"ty":"gf","bm":0,"hd":false,"mn":"ADBE Vector Graphic - G-Fill","nm":"Gradient Fill 1","e":{"a":0,"k":[21.5,-17],"ix":6},"g":{"p":3,"k":{"a":0,"k":[0,0.06666666666666667,0.6196078431372549,0.6274509803921569,0.6,0.4588235294117647,0.8,0.8196078431372549,1,0.5568627450980392,0.9294117647058824,0.9803921568627451,0,1,0.6,1,1,0.99],"ix":9}},"t":1,"a":{"a":0,"k":0},"h":{"a":0,"k":0},"s":{"a":0,"k":[-101,15.5],"ix":5},"r":1,"o":{"a":0,"k":100,"ix":10}},{"ty":"tr","a":{"a":0,"k":[0,0],"ix":1},"s":{"a":0,"k":[100,100],"ix":3},"sk":{"a":0,"k":0,"ix":4},"p":{"a":0,"k":[133.819,45.825],"ix":2},"r":{"a":0,"k":0,"ix":6},"sa":{"a":0,"k":0,"ix":5},"o":{"a":0,"k":100,"ix":7}}]},{"ty":"gr","bm":0,"hd":false,"mn":"ADBE Vector Group","nm":"Group 15","ix":15,"cix":2,"np":4,"it":[{"ty":"sh","bm":0,"hd":false,"mn":"ADBE Vector Shape - Group","nm":"Path 1","ix":1,"d":1,"ks":{"a":0,"k":{"c":true,"i":[[1.814,-0.083],[-0.136,-2.954],[-1.815,0.083],[0.137,2.955]],"o":[[-1.814,0.083],[0.136,2.955],[1.814,-0.083],[-0.135,-2.954]],"v":[[-0.158,-4.482],[-2.676,0.075],[0.25,4.382],[2.767,-0.175]]},"ix":2}},{"ty":"sh","bm":0,"hd":false,"mn":"ADBE Vector Shape - Group","nm":"Path 2","ix":2,"d":1,"ks":{"a":0,"k":{"c":true,"i":[[2.109,2.123],[0.18,3.918],[-1.905,2.308],[-3.404,0.156],[-2.093,-2.124],[-0.18,-3.918],[1.889,-2.308],[3.403,-0.156]],"o":[[-2.109,-2.124],[-0.18,-3.918],[1.905,-2.308],[3.404,-0.157],[2.093,2.125],[0.18,3.919],[-1.889,2.307],[-3.404,0.157]],"v":[[-7.67,9.574],[-11.104,0.511],[-8.516,-8.829],[-0.552,-12.525],[7.694,-9.574],[11.104,-0.51],[8.54,8.829],[0.6,12.524]]},"ix":2}},{"ty":"mm","bm":0,"hd":false,"mn":"ADBE Vector Filter - Merge","nm":"Merge Paths 1","mm":1},{"ty":"gf","bm":0,"hd":false,"mn":"ADBE Vector Graphic - G-Fill","nm":"Gradient Fill 1","e":{"a":0,"k":[43.5,-18.5],"ix":6},"g":{"p":3,"k":{"a":0,"k":[0,0.06666666666666667,0.6196078431372549,0.6274509803921569,0.6,0.4588235294117647,0.8,0.8196078431372549,1,0.5568627450980392,0.9294117647058824,0.9803921568627451,0,1,0.6,1,1,0.99],"ix":9}},"t":1,"a":{"a":0,"k":0},"h":{"a":0,"k":0},"s":{"a":0,"k":[-81,8],"ix":5},"r":1,"o":{"a":0,"k":100,"ix":10}},{"ty":"tr","a":{"a":0,"k":[0,0],"ix":1},"s":{"a":0,"k":[100,100],"ix":3},"sk":{"a":0,"k":0,"ix":4},"p":{"a":0,"k":[115.022,51.683],"ix":2},"r":{"a":0,"k":0,"ix":6},"sa":{"a":0,"k":0,"ix":5},"o":{"a":0,"k":100,"ix":7}}]},{"ty":"gr","bm":0,"hd":false,"mn":"ADBE Vector Group","nm":"Group 16","ix":16,"cix":2,"np":2,"it":[{"ty":"sh","bm":0,"hd":false,"mn":"ADBE Vector Shape - Group","nm":"Path 1","ix":1,"d":1,"ks":{"a":0,"k":{"c":true,"i":[[0,0],[3.276,-0.151],[0.01,0.225],[0,0],[-3.116,0.143],[-0.01,-0.224]],"o":[[0.013,0.289],[-2.571,0.086],[0,0],[-0.022,-0.481],[2.734,-0.029],[0,0]],"v":[[5.141,16.288],[0.247,16.947],[-3.624,16.739],[-5.132,-16.067],[-0.493,-17.004],[3.624,-16.711]]},"ix":2}},{"ty":"gf","bm":0,"hd":false,"mn":"ADBE Vector Graphic - G-Fill","nm":"Gradient Fill 1","e":{"a":0,"k":[60,-18.5],"ix":6},"g":{"p":3,"k":{"a":0,"k":[0,0.06666666666666667,0.6196078431372549,0.6274509803921569,0.6,0.4588235294117647,0.8,0.8196078431372549,1,0.5568627450980392,0.9294117647058824,0.9803921568627451,0,1,0.6,1,1,0.99],"ix":9}},"t":1,"a":{"a":0,"k":0},"h":{"a":0,"k":0},"s":{"a":0,"k":[-61.5,14.5],"ix":5},"r":1,"o":{"a":0,"k":100,"ix":10}},{"ty":"tr","a":{"a":0,"k":[0,0],"ix":1},"s":{"a":0,"k":[100,100],"ix":3},"sk":{"a":0,"k":0,"ix":4},"p":{"a":0,"k":[95.893,47.721],"ix":2},"r":{"a":0,"k":0,"ix":6},"sa":{"a":0,"k":0,"ix":5},"o":{"a":0,"k":100,"ix":7}}]},{"ty":"gr","bm":0,"hd":false,"mn":"ADBE Vector Group","nm":"Group 17","ix":17,"cix":2,"np":2,"it":[{"ty":"sh","bm":0,"hd":false,"mn":"ADBE Vector Shape - Group","nm":"Path 1","ix":1,"d":1,"ks":{"a":0,"k":{"c":true,"i":[[0,0],[3.276,-0.15],[0.01,0.225],[0,0],[-3.115,0.144],[-0.01,-0.225]],"o":[[0.013,0.289],[-2.571,0.086],[0,0],[-0.022,-0.482],[2.734,-0.029],[0,0]],"v":[[5.141,16.288],[0.247,16.947],[-3.624,16.739],[-5.132,-16.066],[-0.493,-17.004],[3.624,-16.71]]},"ix":2}},{"ty":"gf","bm":0,"hd":false,"mn":"ADBE Vector Graphic - G-Fill","nm":"Gradient Fill 1","e":{"a":0,"k":[73.5,-17],"ix":6},"g":{"p":3,"k":{"a":0,"k":[0,0.06666666666666667,0.6196078431372549,0.6274509803921569,0.6,0.4588235294117647,0.8,0.8196078431372549,1,0.5568627450980392,0.9294117647058824,0.9803921568627451,0,1,0.6,1,1,0.99],"ix":9}},"t":1,"a":{"a":0,"k":0},"h":{"a":0,"k":0},"s":{"a":0,"k":[-49.5,12.5],"ix":5},"r":1,"o":{"a":0,"k":100,"ix":10}},{"ty":"tr","a":{"a":0,"k":[0,0],"ix":1},"s":{"a":0,"k":[100,100],"ix":3},"sk":{"a":0,"k":0,"ix":4},"p":{"a":0,"k":[82.79,48.323],"ix":2},"r":{"a":0,"k":0,"ix":6},"sa":{"a":0,"k":0,"ix":5},"o":{"a":0,"k":100,"ix":7}}]},{"ty":"gr","bm":0,"hd":false,"mn":"ADBE Vector Group","nm":"Group 18","ix":18,"cix":2,"np":4,"it":[{"ty":"sh","bm":0,"hd":false,"mn":"ADBE Vector Shape - Group","nm":"Path 1","ix":1,"d":1,"ks":{"a":0,"k":{"c":true,"i":[[0.05,1.092],[1.317,-0.061],[0.416,-0.388],[-0.033,-0.706],[0,0],[0,0]],"o":[[-0.062,-1.349],[-0.611,0.028],[-0.417,0.39],[0,0],[0,0],[1.06,-0.048]],"v":[[2.416,-3.266],[0.348,-5.197],[-1.193,-4.572],[-1.769,-2.929],[-1.701,-1.434],[0.9,-1.554]]},"ix":2}},{"ty":"sh","bm":0,"hd":false,"mn":"ADBE Vector Shape - Group","nm":"Path 2","ix":2,"d":1,"ks":{"a":0,"k":{"c":true,"i":[[0.596,-0.316],[3.18,-0.147],[2.283,2.068],[0.176,3.838],[-1.996,2.442],[-3.211,0.148],[-1.826,-1.557],[-0.108,-2.344],[5.973,-0.275],[0,0],[-0.547,-0.344],[-1.028,0.047],[-1.976,1.121],[-0.279,-0.47],[-0.043,-0.947]],"o":[[-1.969,1.282],[-3.179,0.146],[-2.284,-2.067],[-0.176,-3.837],[1.996,-2.44],[3.211,-0.147],[1.826,1.557],[0.239,5.203],[0,0],[0.045,0.963],[0.548,0.345],[2.248,-0.104],[0.03,-0.033],[0.834,1.346],[0.044,0.947]],"v":[[9.077,10.38],[1.355,12.521],[-6.84,9.639],[-10.529,0.782],[-7.801,-8.637],[0.01,-12.52],[7.566,-10.406],[10.467,-4.553],[1.866,3.663],[-1.46,3.816],[-0.573,5.778],[1.79,6.226],[8.126,4.39],[8.59,5.044],[9.907,8.484]]},"ix":2}},{"ty":"mm","bm":0,"hd":false,"mn":"ADBE Vector Filter - Merge","nm":"Merge Paths 1","mm":1},{"ty":"gf","bm":0,"hd":false,"mn":"ADBE Vector Graphic - G-Fill","nm":"Gradient Fill 1","e":{"a":0,"k":[90.5,-23.5],"ix":6},"g":{"p":3,"k":{"a":0,"k":[0,0.06666666666666667,0.6196078431372549,0.6274509803921569,0.6,0.4588235294117647,0.8,0.8196078431372549,1,0.5568627450980392,0.9294117647058824,0.9803921568627451,0,1,0.6,1,1,0.99],"ix":9}},"t":1,"a":{"a":0,"k":0},"h":{"a":0,"k":0},"s":{"a":0,"k":[-32.5,8.5],"ix":5},"r":1,"o":{"a":0,"k":100,"ix":10}},{"ty":"tr","a":{"a":0,"k":[0,0],"ix":1},"s":{"a":0,"k":[100,100],"ix":3},"sk":{"a":0,"k":0,"ix":4},"p":{"a":0,"k":[64.843,53.958],"ix":2},"r":{"a":0,"k":0,"ix":6},"sa":{"a":0,"k":0,"ix":5},"o":{"a":0,"k":100,"ix":7}}]},{"ty":"gr","bm":0,"hd":false,"mn":"ADBE Vector Group","nm":"Group 19","ix":19,"cix":2,"np":2,"it":[{"ty":"sh","bm":0,"hd":false,"mn":"ADBE Vector Shape - Group","nm":"Path 1","ix":1,"d":1,"ks":{"a":0,"k":{"c":true,"i":[[0,0],[3.244,-0.148],[0.025,0.547],[0,0],[0,0],[0,0],[3.243,-0.149],[0.025,0.546],[0,0],[-3.244,0.149],[-0.031,-0.674],[0,0],[0,0],[0,0],[-1.597,0.266],[-0.803,0.037],[0,0],[-0.021,-0.45]],"o":[[0.025,0.546],[-3.244,0.15],[0,0],[0,0],[0,0],[0.025,0.547],[-3.244,0.149],[0,0],[-0.031,-0.674],[3.243,-0.149],[0,0],[0,0],[0,0],[-0.021,-0.449],[0.831,-0.102],[0,0],[1.615,0.119],[0,0]],"v":[[13.84,15.373],[9.012,16.415],[4.109,15.82],[3.6,4.741],[-3.144,5.051],[-2.635,16.13],[-7.463,17.173],[-12.366,16.578],[-13.834,-15.361],[-9.015,-16.596],[-4.103,-15.808],[-3.583,-4.487],[3.161,-4.797],[2.646,-16.022],[5.01,-17.096],[7.462,-17.305],[9.923,-17.322],[12.377,-16.469]]},"ix":2}},{"ty":"gf","bm":0,"hd":false,"mn":"ADBE Vector Graphic - G-Fill","nm":"Gradient Fill 1","e":{"a":0,"k":[117.5,-28],"ix":6},"g":{"p":3,"k":{"a":0,"k":[0,0.06666666666666667,0.6196078431372549,0.6274509803921569,0.6,0.4588235294117647,0.8,0.8196078431372549,1,0.5568627450980392,0.9294117647058824,0.9803921568627451,0,1,0.6,1,1,0.99],"ix":9}},"t":1,"a":{"a":0,"k":0},"h":{"a":0,"k":0},"s":{"a":0,"k":[-6,1.5],"ix":5},"r":1,"o":{"a":0,"k":100,"ix":10}},{"ty":"tr","a":{"a":0,"k":[0,0],"ix":1},"s":{"a":0,"k":[100,100],"ix":3},"sk":{"a":0,"k":0,"ix":4},"p":{"a":0,"k":[37.316,50.494],"ix":2},"r":{"a":0,"k":0,"ix":6},"sa":{"a":0,"k":0,"ix":5},"o":{"a":0,"k":100,"ix":7}}]},{"ty":"gr","bm":0,"hd":false,"mn":"ADBE Vector Group","nm":"Group 20","ix":20,"cix":2,"np":2,"it":[{"ty":"sh","bm":0,"hd":false,"mn":"ADBE Vector Shape - Group","nm":"Path 1","ix":1,"d":1,"ks":{"a":0,"k":{"c":true,"i":[[26.101,0],[0,0],[0,26.102],[-26.102,0],[0,0],[0,-26.101]],"o":[[0,0],[-26.102,0],[0,-26.101],[0,0],[26.101,0],[0,26.102]],"v":[[33.53,47.457],[-33.53,47.457],[-80.987,0],[-33.53,-47.457],[33.53,-47.457],[80.987,0]]},"ix":2}},{"ty":"gf","bm":0,"hd":false,"mn":"ADBE Vector Graphic - G-Fill","nm":"Gradient Fill 1","e":{"a":0,"k":[81,0],"ix":6},"g":{"p":5,"k":{"a":0,"k":[0,0.8431372549019608,0.9450980392156862,0.9686274509803922,0.3,0.8823529411764706,0.9725490196078431,0.9333333333333333,0.5,0.9254901960784314,0.9725490196078431,0.9490196078431372,0.75,0.8823529411764706,0.9725490196078431,0.9333333333333333,1,0.8431372549019608,0.9450980392156862,0.9686274509803922,0,1,0.3,0.995,0.5,0.99,0.75,1,1,1],"ix":9}},"t":1,"a":{"a":0,"k":0},"h":{"a":0,"k":0},"s":{"a":0,"k":[-79.5,0],"ix":5},"r":1,"o":{"a":0,"k":100,"ix":10}},{"ty":"tr","a":{"a":0,"k":[0,0],"ix":1},"s":{"a":0,"k":[100,100],"ix":3},"sk":{"a":0,"k":0,"ix":4},"p":{"a":0,"k":[81.237,47.707],"ix":2},"r":{"a":0,"k":0,"ix":6},"sa":{"a":0,"k":0,"ix":5},"o":{"a":0,"k":100,"ix":7}}]},{"ty":"gr","bm":0,"hd":false,"mn":"ADBE Vector Group","nm":"Group 21","ix":21,"cix":2,"np":2,"it":[{"ty":"sh","bm":0,"hd":false,"mn":"ADBE Vector Shape - Group","nm":"Path 1","ix":1,"d":1,"ks":{"a":0,"k":{"c":true,"i":[[0,0],[-11.634,-6.597],[9.185,13.99]],"o":[[0,0],[0,0],[-9.185,-13.989]],"v":[[14.152,-17.277],[27.861,17.277],[-18.677,-3.163]]},"ix":2}},{"ty":"gf","bm":0,"hd":false,"mn":"ADBE Vector Graphic - G-Fill","nm":"Gradient Fill 1","e":{"a":0,"k":[22,22],"ix":6},"g":{"p":3,"k":{"a":0,"k":[0,0.6823529411764706,0.9411764705882353,0.9215686274509803,0.6,0.7647058823529411,0.9568627450980393,0.9215686274509803,1,0.8431372549019608,0.9450980392156862,0.9686274509803922,0,1,0.6,0.995,1,0.99],"ix":9}},"t":1,"a":{"a":0,"k":0},"h":{"a":0,"k":0},"s":{"a":0,"k":[-6.5,-12.5],"ix":5},"r":1,"o":{"a":0,"k":100,"ix":10}},{"ty":"tr","a":{"a":0,"k":[0,0],"ix":1},"s":{"a":0,"k":[100,100],"ix":3},"sk":{"a":0,"k":0,"ix":4},"p":{"a":0,"k":[128.536,98.328],"ix":2},"r":{"a":0,"k":0,"ix":6},"sa":{"a":0,"k":0,"ix":5},"o":{"a":0,"k":100,"ix":7}}]}],"ind":1},{"ty":4,"nm":"Shadow","sr":1,"st":0,"op":301,"ip":0,"hd":false,"ddd":0,"bm":0,"hasMask":false,"ao":0,"ks":{"a":{"a":0,"k":[49.07,20.088,0],"ix":1},"s":{"a":1,"k":[{"o":{"x":0.333,"y":0},"i":{"x":0.667,"y":1},"s":[100,100,100],"t":0},{"o":{"x":0.333,"y":0},"i":{"x":0.667,"y":1},"s":[150,150,100],"t":30},{"o":{"x":0.333,"y":0},"i":{"x":0.667,"y":1},"s":[100,100,100],"t":60},{"o":{"x":0.333,"y":0},"i":{"x":0.667,"y":1},"s":[150,150,100],"t":90},{"s":[100,100,100],"t":120}],"ix":6},"sk":{"a":0,"k":0},"p":{"a":0,"k":[269.742,388.555,0],"ix":2},"r":{"a":0,"k":0,"ix":10},"sa":{"a":0,"k":0},"o":{"a":0,"k":100,"ix":11}},"ef":[],"shapes":[{"ty":"gr","bm":0,"hd":false,"mn":"ADBE Vector Group","nm":"Ellipse 1","ix":1,"cix":2,"np":2,"it":[{"ty":"el","bm":0,"hd":false,"mn":"ADBE Vector Shape - Ellipse","nm":"Ellipse Path 1","d":1,"p":{"a":0,"k":[0,0],"ix":3},"s":{"a":0,"k":[40,40],"ix":2}},{"ty":"gf","bm":0,"hd":false,"mn":"ADBE Vector Graphic - G-Fill","nm":"Gradient Fill 1","e":{"a":0,"k":[19.388,0],"ix":6},"g":{"p":3,"k":{"a":0,"k":[0,0.7372549019607844,0.8431372549019608,0.8392156862745098,0.6,0.8705882352941177,0.9215686274509803,0.9215686274509803,1,1,1,1,0,1,0.6,0.5,1,0],"ix":9}},"t":2,"a":{"a":0,"k":0,"ix":8},"h":{"a":0,"k":0,"ix":7},"s":{"a":0,"k":[0,0],"ix":5},"r":1,"o":{"a":0,"k":100,"ix":10}},{"ty":"tr","a":{"a":0,"k":[0,0],"ix":1},"s":{"a":0,"k":[245,100],"ix":3},"sk":{"a":0,"k":0,"ix":4},"p":{"a":0,"k":[49.078,20.033],"ix":2},"r":{"a":0,"k":0,"ix":6},"sa":{"a":0,"k":0,"ix":5},"o":{"a":0,"k":100,"ix":7}}]}],"ind":2},{"ty":4,"nm":"Hand Right","sr":1,"st":0,"op":301,"ip":0,"hd":false,"ddd":0,"bm":0,"hasMask":false,"ao":0,"ks":{"a":{"a":0,"k":[20.187,13.185,0],"ix":1},"s":{"a":0,"k":[100,100,100],"ix":6},"sk":{"a":0,"k":0},"p":{"a":0,"k":[94.514,18.891,0],"ix":2},"r":{"a":0,"k":0,"ix":10},"sa":{"a":0,"k":0},"o":{"a":0,"k":100,"ix":11}},"ef":[],"shapes":[{"ty":"gr","bm":0,"hd":false,"mn":"ADBE Vector Group","nm":"Group 1","ix":1,"cix":2,"np":2,"it":[{"ty":"sh","bm":0,"hd":false,"mn":"ADBE Vector Shape - Group","nm":"Path 1","ix":1,"d":1,"ks":{"a":0,"k":{"c":true,"i":[[0,-0.517],[0.517,0],[0,0.517],[-0.517,0]],"o":[[0,0.517],[-0.517,0],[0,-0.517],[0.517,0]],"v":[[0.936,-0.001],[0,0.937],[-0.936,-0.001],[0,-0.937]]},"ix":2}},{"ty":"fl","bm":0,"hd":false,"mn":"ADBE Vector Graphic - Fill","nm":"Fill 1","c":{"a":0,"k":[1,1,1],"ix":4},"r":1,"o":{"a":0,"k":100,"ix":5}},{"ty":"tr","a":{"a":0,"k":[0,0],"ix":1},"s":{"a":0,"k":[100,100],"ix":3},"sk":{"a":0,"k":0,"ix":4},"p":{"a":0,"k":[27.689,29.193],"ix":2},"r":{"a":0,"k":0,"ix":6},"sa":{"a":0,"k":0,"ix":5},"o":{"a":0,"k":100,"ix":7}}]},{"ty":"gr","bm":0,"hd":false,"mn":"ADBE Vector Group","nm":"Group 2","ix":2,"cix":2,"np":2,"it":[{"ty":"sh","bm":0,"hd":false,"mn":"ADBE Vector Shape - Group","nm":"Path 1","ix":1,"d":1,"ks":{"a":0,"k":{"c":true,"i":[[0.103,1.948],[0.962,3.772],[-1.025,0.952],[-0.297,-0.095],[0.193,-5.295],[1.187,-0.161],[0.333,0.294]],"o":[[-0.135,-2.564],[-1.258,-4.933],[0.667,-0.62],[4.509,1.438],[-0.12,3.242],[-0.188,0.025],[-1.326,-1.172]],"v":[[-0.191,5.752],[-1.769,-2.47],[-3.58,-10.761],[-1.301,-10.867],[4.412,4.328],[2.313,11.356],[1.327,11.062]]},"ix":2}},{"ty":"fl","bm":0,"hd":false,"mn":"ADBE Vector Graphic - Fill","nm":"Fill 1","c":{"a":0,"k":[1,1,1],"ix":4},"r":1,"o":{"a":0,"k":100,"ix":5}},{"ty":"tr","a":{"a":0,"k":[0,0],"ix":1},"s":{"a":0,"k":[100,100],"ix":3},"sk":{"a":0,"k":0,"ix":4},"p":{"a":0,"k":[25.719,14.393],"ix":2},"r":{"a":0,"k":0,"ix":6},"sa":{"a":0,"k":0,"ix":5},"o":{"a":0,"k":100,"ix":7}}]},{"ty":"gr","bm":0,"hd":false,"mn":"ADBE Vector Group","nm":"Group 3","ix":3,"cix":2,"np":2,"it":[{"ty":"sh","bm":0,"hd":false,"mn":"ADBE Vector Shape - Group","nm":"Path 1","ix":1,"d":1,"ks":{"a":0,"k":{"c":true,"i":[[-0.019,-0.036],[1.038,-1.342],[0.266,0.312],[0.065,3.601],[-4.768,5.677],[-2.075,1.259],[-0.45,-23.79],[-4.198,-4.932]],"o":[[-0.919,1.424],[-0.331,-0.34],[-4.207,-4.923],[-0.45,-23.863],[0.349,-0.422],[-4.702,5.658],[0.065,3.601],[0.027,0.028]],"v":[[5.907,22.536],[2.985,26.67],[2.094,25.678],[-2.223,10.779],[-1.139,-23.473],[2.562,-26.67],[1.515,7.537],[5.833,22.444]]},"ix":2}},{"ty":"gf","bm":0,"hd":false,"mn":"ADBE Vector Graphic - G-Fill","nm":"Gradient Fill 1","e":{"a":0,"k":[22,-12],"ix":6},"g":{"p":3,"k":{"a":0,"k":[0,0.06666666666666667,0.6196078431372549,0.6274509803921569,0.6,0.4588235294117647,0.8,0.8196078431372549,1,0.5568627450980392,0.9294117647058824,0.9803921568627451,0,1,0.6,1,1,0.99],"ix":9}},"t":1,"a":{"a":0,"k":0},"h":{"a":0,"k":0},"s":{"a":0,"k":[-11.5,7],"ix":5},"r":1,"o":{"a":0,"k":100,"ix":10}},{"ty":"tr","a":{"a":0,"k":[0,0],"ix":1},"s":{"a":0,"k":[100,100],"ix":3},"sk":{"a":0,"k":0,"ix":4},"p":{"a":0,"k":[6.156,32.475],"ix":2},"r":{"a":0,"k":0,"ix":6},"sa":{"a":0,"k":0,"ix":5},"o":{"a":0,"k":100,"ix":7}}]},{"ty":"gr","bm":0,"hd":false,"mn":"ADBE Vector Group","nm":"Group 4","ix":4,"cix":2,"np":2,"it":[{"ty":"sh","bm":0,"hd":false,"mn":"ADBE Vector Shape - Group","nm":"Path 1","ix":1,"d":1,"ks":{"a":0,"k":{"c":true,"i":[[0.067,3.598],[-4.762,5.677],[-4.593,0.85],[-1.571,-0.891],[6.289,-14.804],[4.484,0.206],[0.952,1.114]],"o":[[-0.449,-23.861],[0.547,-0.652],[3.66,-0.677],[9.549,5.409],[-1.371,3.227],[-1.837,-0.085],[-4.205,-4.924]],"v":[[-11.72,10.957],[-10.637,-23.299],[-2.703,-28.13],[5.849,-26.743],[6.275,16.921],[-3.259,28.6],[-7.402,25.857]]},"ix":2}},{"ty":"gf","bm":0,"hd":false,"mn":"ADBE Vector Graphic - G-Fill","nm":"Gradient Fill 1","e":{"a":0,"k":[-30,-15],"ix":6},"g":{"p":3,"k":{"a":0,"k":[0,0.06666666666666667,0.6196078431372549,0.6274509803921569,0.6,0.4588235294117647,0.8,0.8196078431372549,1,0.5568627450980392,0.9294117647058824,0.9803921568627451,0,1,0.6,1,1,0.99],"ix":9}},"t":1,"a":{"a":0,"k":0},"h":{"a":0,"k":0},"s":{"a":0,"k":[23,13],"ix":5},"r":1,"o":{"a":0,"k":100,"ix":10}},{"ty":"tr","a":{"a":0,"k":[0,0],"ix":1},"s":{"a":0,"k":[100,100],"ix":3},"sk":{"a":0,"k":0,"ix":4},"p":{"a":0,"k":[19.394,29.057],"ix":2},"r":{"a":0,"k":0,"ix":6},"sa":{"a":0,"k":0,"ix":5},"o":{"a":0,"k":100,"ix":7}}]}],"ind":3,"parent":5},{"ty":3,"nm":"Body Null","sr":1,"st":0,"op":301,"ip":0,"hd":false,"ddd":0,"bm":0,"hasMask":false,"ao":0,"ks":{"a":{"a":0,"k":[0,0,0],"ix":1},"s":{"a":0,"k":[100,100,100],"ix":6},"sk":{"a":0,"k":0},"p":{"a":1,"k":[{"o":{"x":0.333,"y":0},"i":{"x":0.667,"y":1},"s":[273.389,222.954,0],"t":0,"ti":[0,0,0],"to":[0,0,0]},{"o":{"x":0.333,"y":0},"i":{"x":0.667,"y":1},"s":[273.389,202.954,0],"t":30,"ti":[0,0,0],"to":[0,0,0]},{"o":{"x":0.333,"y":0},"i":{"x":0.667,"y":1},"s":[273.389,222.954,0],"t":60,"ti":[0,0,0],"to":[0,0,0]},{"o":{"x":0.333,"y":0},"i":{"x":0.667,"y":1},"s":[273.389,202.954,0],"t":90,"ti":[0,0,0],"to":[0,0,0]},{"s":[273.389,222.954,0],"t":120}],"ix":2},"r":{"a":0,"k":0,"ix":10},"sa":{"a":0,"k":0},"o":{"a":0,"k":0,"ix":11}},"ef":[],"ind":4},{"ty":4,"nm":"Body","sr":1,"st":0,"op":301,"ip":0,"hd":false,"ddd":0,"bm":0,"hasMask":false,"ao":0,"ks":{"a":{"a":0,"k":[51.422,39.415,0],"ix":1},"s":{"a":0,"k":[100,100,100],"ix":6},"sk":{"a":0,"k":0},"p":{"a":0,"k":[-2.28,103.461,0],"ix":2},"r":{"a":0,"k":0,"ix":10},"sa":{"a":0,"k":0},"o":{"a":0,"k":100,"ix":11}},"ef":[],"shapes":[{"ty":"gr","bm":0,"hd":false,"mn":"ADBE Vector Group","nm":"Group 1","ix":1,"cix":2,"np":2,"it":[{"ty":"sh","bm":0,"hd":false,"mn":"ADBE Vector Shape - Group","nm":"Path 1","ix":1,"d":1,"ks":{"a":0,"k":{"c":true,"i":[[0,0],[0,0],[3.996,-4.977],[0.193,-3.243],[-2.434,2.967],[-6.521,-0.027]],"o":[[0,0],[-6.384,0.027],[-2.333,2.904],[0.156,-3.326],[4.133,-5.043],[0,0]],"v":[[25.576,-8.52],[-5.185,-8.391],[-21.737,-0.658],[-25.576,8.666],[-21.617,-0.887],[-4.634,-8.639]]},"ix":2}},{"ty":"gf","bm":0,"hd":false,"mn":"ADBE Vector Graphic - G-Fill","nm":"Gradient Fill 1","e":{"a":0,"k":[33,-45],"ix":6},"g":{"p":3,"k":{"a":0,"k":[0,0.06666666666666667,0.6196078431372549,0.6274509803921569,0.6,0.4588235294117647,0.8,0.8196078431372549,1,0.5568627450980392,0.9294117647058824,0.9803921568627451,0,1,0.6,1,1,0.99],"ix":9}},"t":1,"a":{"a":0,"k":0},"h":{"a":0,"k":0},"s":{"a":0,"k":[-13.5,7.5],"ix":5},"r":1,"o":{"a":0,"k":100,"ix":10}},{"ty":"tr","a":{"a":0,"k":[0,0],"ix":1},"s":{"a":0,"k":[100,100],"ix":3},"sk":{"a":0,"k":0,"ix":4},"p":{"a":0,"k":[25.85,8.921],"ix":2},"r":{"a":0,"k":0,"ix":6},"sa":{"a":0,"k":0,"ix":5},"o":{"a":0,"k":100,"ix":7}}]},{"ty":"gr","bm":0,"hd":false,"mn":"ADBE Vector Group","nm":"Group 2","ix":2,"cix":2,"np":2,"it":[{"ty":"sh","bm":0,"hd":false,"mn":"ADBE Vector Shape - Group","nm":"Path 1","ix":1,"d":1,"ks":{"a":0,"k":{"c":true,"i":[[0,-0.441],[0.009,-0.193],[0.221,-0.653],[5.318,-8.248],[1.038,-1.342],[1.653,-1.8],[1.792,-0.624],[3.848,-0.037],[0,0],[6.549,2.316],[3.665,3.996],[8.873,27.114],[0.101,1.81],[-0.028,0.524],[-2.333,2.902],[-6.383,0.027],[0,0],[0,0],[-4.142,-5.042],[-0.467,-2.718],[-0.037,-0.385]],"o":[[0,0.211],[-0.073,1.929],[-6.329,19.335],[-0.919,1.424],[-1.36,1.791],[-3.674,3.996],[-6.549,2.316],[0,0],[-3.858,-0.037],[-1.791,-0.624],[-10.104,-10.994],[-0.211,-0.625],[-0.028,-0.523],[0.193,-3.242],[3.995,-4.979],[0,0],[0,0],[6.521,-0.028],[2.002,2.444],[0.065,0.386],[0.037,0.432]],"v":[[51.167,-21.292],[51.158,-20.686],[50.413,-16.652],[34.973,21.126],[32.052,25.26],[27.551,30.596],[16.529,37.025],[0.345,38.954],[-0.326,38.954],[-16.51,37.025],[-27.533,30.596],[-50.395,-16.652],[-51.128,-20.438],[-51.139,-22.008],[-47.298,-31.33],[-30.747,-39.064],[0.014,-39.193],[30.215,-39.312],[47.198,-31.561],[50.945,-23.762],[51.102,-22.596]]},"ix":2}},{"ty":"gf","bm":0,"hd":false,"mn":"ADBE Vector Graphic - G-Fill","nm":"Gradient Fill 1","e":{"a":0,"k":[41.011,-61.798],"ix":6},"g":{"p":5,"k":{"a":0,"k":[0,0.06666666666666667,0.6196078431372549,0.6274509803921569,0.327,0.30980392156862746,0.7843137254901961,0.788235294117647,0.545,0.5607843137254902,0.8784313725490196,0.9215686274509803,0.773,0.6274509803921569,0.9098039215686274,0.9490196078431372,1,0.5568627450980392,0.9764705882352941,0.9803921568627451,0,1,0.327,1,0.545,0.99,0.773,1,1,1],"ix":9}},"t":1,"a":{"a":0,"k":0},"h":{"a":0,"k":0},"s":{"a":0,"k":[-26.303,27.163],"ix":5},"r":1,"o":{"a":0,"k":100,"ix":10}},{"ty":"tr","a":{"a":0,"k":[0,0],"ix":1},"s":{"a":0,"k":[100,100],"ix":3},"sk":{"a":0,"k":0,"ix":4},"p":{"a":0,"k":[51.417,39.59],"ix":2},"r":{"a":0,"k":0,"ix":6},"sa":{"a":0,"k":0,"ix":5},"o":{"a":0,"k":100,"ix":7}}]}],"ind":5,"parent":4},{"ty":3,"nm":"Face Null","sr":1,"st":0,"op":301,"ip":0,"hd":false,"ddd":0,"bm":0,"hasMask":false,"ao":0,"ks":{"a":{"a":0,"k":[0,0,0],"ix":1},"s":{"a":0,"k":[100,100,100],"ix":6},"sk":{"a":0,"k":0},"p":{"a":1,"k":[{"o":{"x":0.167,"y":0.167},"i":{"x":0.833,"y":0.833},"s":[0,0,0],"t":0,"ti":[1.333,0,0],"to":[-1.333,0,0]},{"o":{"x":0.167,"y":0.167},"i":{"x":0.833,"y":0.833},"s":[-8,0,0],"t":10,"ti":[0,0,0],"to":[0,0,0]},{"o":{"x":0.167,"y":0.167},"i":{"x":0.833,"y":0.833},"s":[-8,0,0],"t":60,"ti":[-1.333,0,0],"to":[1.333,0,0]},{"s":[0,0,0],"t":70}],"ix":2},"r":{"a":0,"k":0,"ix":10},"sa":{"a":0,"k":0},"o":{"a":0,"k":0,"ix":11}},"ef":[],"ind":6,"parent":4},{"ty":4,"nm":"Mouth","sr":1,"st":0,"op":301,"ip":0,"hd":false,"ddd":0,"bm":0,"hasMask":false,"ao":0,"ks":{"a":{"a":0,"k":[15.546,0.266,0],"ix":1},"s":{"a":0,"k":[100,100,100],"ix":6},"sk":{"a":0,"k":0},"p":{"a":0,"k":[-2.54,27.714,0],"ix":2},"r":{"a":1,"k":[{"o":{"x":0.167,"y":0.167},"i":{"x":0.833,"y":0.833},"s":[0],"t":0},{"o":{"x":0.167,"y":0.167},"i":{"x":0.833,"y":0.833},"s":[5],"t":10},{"o":{"x":0.167,"y":0.167},"i":{"x":0.833,"y":0.833},"s":[5],"t":60},{"s":[0],"t":70}],"ix":10},"sa":{"a":0,"k":0},"o":{"a":0,"k":100,"ix":11}},"ef":[],"shapes":[{"ty":"gr","bm":0,"hd":false,"mn":"ADBE Vector Group","nm":"Group 1","ix":1,"cix":2,"np":2,"it":[{"ty":"sh","bm":0,"hd":false,"mn":"ADBE Vector Shape - Group","nm":"Path 1","ix":1,"d":1,"ks":{"a":0,"k":{"c":true,"i":[[-0.174,1.663],[7.404,-0.707],[2.168,6.705],[-1.571,0.157],[0,0]],"o":[[-0.734,7.128],[-7.302,0.707],[0.579,1.434],[0,0],[1.663,-0.165]],"v":[[14.935,-7.201],[1.13,6.494],[-14.935,-4.032],[-11.279,-1.883],[11.72,-4.097]]},"ix":2}},{"ty":"gf","bm":0,"hd":false,"mn":"ADBE Vector Graphic - G-Fill","nm":"Gradient Fill 1","e":{"a":0,"k":[23.5,-28.25],"ix":6},"g":{"p":3,"k":{"a":0,"k":[0,0.06666666666666667,0.6196078431372549,0.6274509803921569,0.6,0.4588235294117647,0.8,0.8196078431372549,1,0.5568627450980392,0.9294117647058824,0.9803921568627451,0,1,0.6,1,1,0.99],"ix":9}},"t":1,"a":{"a":0,"k":0},"h":{"a":0,"k":0},"s":{"a":0,"k":[-2.375,0.625],"ix":5},"r":1,"o":{"a":0,"k":100,"ix":10}},{"ty":"tr","a":{"a":0,"k":[0,0],"ix":1},"s":{"a":0,"k":[100,100],"ix":3},"sk":{"a":0,"k":0,"ix":4},"p":{"a":0,"k":[15.805,10.455],"ix":2},"r":{"a":0,"k":0,"ix":6},"sa":{"a":0,"k":0,"ix":5},"o":{"a":0,"k":100,"ix":7}}]},{"ty":"gr","bm":0,"hd":false,"mn":"ADBE Vector Group","nm":"Group 2","ix":2,"cix":2,"np":2,"it":[{"ty":"sh","bm":0,"hd":false,"mn":"ADBE Vector Shape - Group","nm":"Path 1","ix":1,"d":1,"ks":{"a":0,"k":{"c":true,"i":[[0.076,-0.742],[1.664,-0.161],[0,0],[0.485,1.599],[0.113,0.753],[-0.13,0.166],[-0.21,0.021],[0,0],[-0.157,-0.137],[-0.008,-0.208]],"o":[[-0.169,1.663],[0,0],[-1.663,0.161],[-0.215,-0.71],[-0.031,-0.209],[0.13,-0.166],[0,0],[0.206,-0.02],[0.157,0.136],[0.034,0.764]],"v":[[15.195,-1.24],[11.977,1.865],[-11.017,4.082],[-14.769,1.652],[-15.263,-0.547],[-15.109,-1.134],[-14.577,-1.425],[14.432,-4.223],[15.001,-4.04],[15.26,-3.502]]},"ix":2}},{"ty":"fl","bm":0,"hd":false,"mn":"ADBE Vector Graphic - Fill","nm":"Fill 1","c":{"a":0,"k":[1,1,1],"ix":4},"r":1,"o":{"a":0,"k":100,"ix":5}},{"ty":"tr","a":{"a":0,"k":[0,0],"ix":1},"s":{"a":0,"k":[100,100],"ix":3},"sk":{"a":0,"k":0,"ix":4},"p":{"a":0,"k":[15.544,4.493],"ix":2},"r":{"a":0,"k":0,"ix":6},"sa":{"a":0,"k":0,"ix":5},"o":{"a":0,"k":100,"ix":7}}]}],"ind":7,"parent":6},{"ty":3,"nm":"EyesNull","sr":1,"st":0,"op":301,"ip":0,"hd":false,"ddd":0,"bm":0,"hasMask":false,"ao":0,"ks":{"a":{"a":0,"k":[0,0,0],"ix":1},"s":{"a":0,"k":[100,100,100],"ix":6},"sk":{"a":0,"k":0},"p":{"a":0,"k":[-23.389,27.046,0],"ix":2},"r":{"a":0,"k":0,"ix":10},"sa":{"a":0,"k":0},"o":{"a":0,"k":0,"ix":11}},"ef":[],"ind":8,"parent":6},{"ty":4,"nm":"Eyes Dots","sr":1,"st":0,"op":301,"ip":0,"hd":false,"ddd":0,"bm":0,"hasMask":true,"ao":0,"ks":{"a":{"a":0,"k":[47.715,20.196,0],"ix":1},"s":{"a":0,"k":[100,100,100],"ix":6},"sk":{"a":0,"k":0},"p":{"a":0,"k":[23.389,-27.046,0],"ix":2},"r":{"a":0,"k":0,"ix":10},"sa":{"a":0,"k":0},"o":{"a":0,"k":100,"ix":11}},"ef":[],"masksProperties":[{"nm":"Mask 1","inv":false,"mode":"a","x":{"a":0,"k":0,"ix":4},"o":{"a":0,"k":100,"ix":3},"pt":{"a":1,"k":[{"o":{"x":0.167,"y":0.167},"i":{"x":0.833,"y":0.833},"s":[{"c":true,"i":[[0,-5.523],[5.523,0],[0,5.523],[-5.523,0]],"o":[[0,5.523],[-5.523,0],[0,-5.523],[5.523,0]],"v":[[27.5,22.25],[17.5,32.25],[7.5,22.25],[17.5,12.25]]}],"t":30},{"o":{"x":0.167,"y":0.167},"i":{"x":0.833,"y":0.833},"s":[{"c":true,"i":[[0,-0.004],[5.523,0],[0,0.004],[-5.523,0]],"o":[[0,0.004],[-5.523,0],[0,-0.004],[5.523,0]],"v":[[27.5,22.25],[17.5,22.258],[7.5,22.25],[17.5,22.242]]}],"t":35},{"s":[{"c":true,"i":[[0,-5.523],[5.523,0],[0,5.523],[-5.523,0]],"o":[[0,5.523],[-5.523,0],[0,-5.523],[5.523,0]],"v":[[27.5,22.25],[17.5,32.25],[7.5,22.25],[17.5,12.25]]}],"t":40}],"ix":1}},{"nm":"Mask 2","inv":false,"mode":"a","x":{"a":0,"k":0,"ix":4},"o":{"a":0,"k":100,"ix":3},"pt":{"a":1,"k":[{"o":{"x":0.167,"y":0.167},"i":{"x":0.833,"y":0.833},"s":[{"c":true,"i":[[0,-5.523],[5.523,0],[0,5.523],[-5.523,0]],"o":[[0,5.523],[-5.523,0],[0,-5.523],[5.523,0]],"v":[[74.5,22.257],[64.5,32.257],[54.5,22.257],[64.5,12.257]]}],"t":30},{"o":{"x":0.167,"y":0.167},"i":{"x":0.833,"y":0.833},"s":[{"c":true,"i":[[0,0],[5.523,0],[0,0],[-5.523,0]],"o":[[0,0],[-5.523,0],[0,0],[5.523,0]],"v":[[74.5,22.257],[64.5,22.258],[54.5,22.257],[64.5,22.257]]}],"t":35},{"s":[{"c":true,"i":[[0,-5.523],[5.523,0],[0,5.523],[-5.523,0]],"o":[[0,5.523],[-5.523,0],[0,-5.523],[5.523,0]],"v":[[74.5,22.257],[64.5,32.257],[54.5,22.257],[64.5,12.257]]}],"t":40}],"ix":1}}],"shapes":[{"ty":"gr","bm":0,"hd":false,"mn":"ADBE Vector Group","nm":"Group 2","ix":1,"cix":2,"np":2,"it":[{"ty":"sh","bm":0,"hd":false,"mn":"ADBE Vector Shape - Group","nm":"Path 1","ix":1,"d":1,"ks":{"a":0,"k":{"c":true,"i":[[0,-0.427],[0.427,0],[0,0.427],[-0.427,0]],"o":[[0,0.427],[-0.427,0],[0,-0.427],[0.427,0]],"v":[[0.774,0],[0.001,0.773],[-0.774,0],[0.001,-0.773]]},"ix":2}},{"ty":"fl","bm":0,"hd":false,"mn":"ADBE Vector Graphic - Fill","nm":"Fill 1","c":{"a":0,"k":[1,1,1],"ix":4},"r":1,"o":{"a":0,"k":100,"ix":5}},{"ty":"tr","a":{"a":0,"k":[0,0],"ix":1},"s":{"a":0,"k":[100,100],"ix":3},"sk":{"a":0,"k":0,"ix":4},"p":{"a":0,"k":[58.093,28.026],"ix":2},"r":{"a":0,"k":0,"ix":6},"sa":{"a":0,"k":0,"ix":5},"o":{"a":0,"k":100,"ix":7}}]},{"ty":"gr","bm":0,"hd":false,"mn":"ADBE Vector Group","nm":"Group 3","ix":2,"cix":2,"np":2,"it":[{"ty":"sh","bm":0,"hd":false,"mn":"ADBE Vector Shape - Group","nm":"Path 1","ix":1,"d":1,"ks":{"a":0,"k":{"c":true,"i":[[0,-0.854],[0.855,0],[0,0.854],[-0.853,0]],"o":[[0,0.854],[-0.853,0],[0,-0.854],[0.855,0]],"v":[[1.547,0],[-0.001,1.546],[-1.547,0],[-0.001,-1.546]]},"ix":2}},{"ty":"fl","bm":0,"hd":false,"mn":"ADBE Vector Graphic - Fill","nm":"Fill 1","c":{"a":0,"k":[1,1,1],"ix":4},"r":1,"o":{"a":0,"k":100,"ix":5}},{"ty":"tr","a":{"a":0,"k":[0,0],"ix":1},"s":{"a":0,"k":[100,100],"ix":3},"sk":{"a":0,"k":0,"ix":4},"p":{"a":0,"k":[62.703,30.346],"ix":2},"r":{"a":0,"k":0,"ix":6},"sa":{"a":0,"k":0,"ix":5},"o":{"a":0,"k":100,"ix":7}}]},{"ty":"gr","bm":0,"hd":false,"mn":"ADBE Vector Group","nm":"Group 4","ix":3,"cix":2,"np":2,"it":[{"ty":"sh","bm":0,"hd":false,"mn":"ADBE Vector Shape - Group","nm":"Path 1","ix":1,"d":1,"ks":{"a":0,"k":{"c":true,"i":[[0,-2.141],[2.141,0],[0,2.141],[-2.141,0]],"o":[[0,2.141],[-2.141,0],[0,-2.141],[2.141,0]],"v":[[3.877,-0.001],[-0.001,3.876],[-3.877,-0.001],[-0.001,-3.876]]},"ix":2}},{"ty":"fl","bm":0,"hd":false,"mn":"ADBE Vector Graphic - Fill","nm":"Fill 1","c":{"a":0,"k":[1,1,1],"ix":4},"r":1,"o":{"a":0,"k":100,"ix":5}},{"ty":"tr","a":{"a":0,"k":[0,0],"ix":1},"s":{"a":0,"k":[100,100],"ix":3},"sk":{"a":0,"k":0,"ix":4},"p":{"a":0,"k":[67.077,19.61],"ix":2},"r":{"a":0,"k":0,"ix":6},"sa":{"a":0,"k":0,"ix":5},"o":{"a":0,"k":100,"ix":7}}]},{"ty":"gr","bm":0,"hd":false,"mn":"ADBE Vector Group","nm":"Group 8","ix":7,"cix":2,"np":2,"it":[{"ty":"sh","bm":0,"hd":false,"mn":"ADBE Vector Shape - Group","nm":"Path 1","ix":1,"d":1,"ks":{"a":0,"k":{"c":true,"i":[[0,-0.427],[0.427,0],[0,0.427],[-0.427,0]],"o":[[0,0.427],[-0.427,0],[0,-0.427],[0.427,0]],"v":[[0.773,0],[0,0.773],[-0.773,0],[0,-0.773]]},"ix":2}},{"ty":"fl","bm":0,"hd":false,"mn":"ADBE Vector Graphic - Fill","nm":"Fill 1","c":{"a":0,"k":[1,1,1],"ix":4},"r":1,"o":{"a":0,"k":100,"ix":5}},{"ty":"tr","a":{"a":0,"k":[0,0],"ix":1},"s":{"a":0,"k":[100,100],"ix":3},"sk":{"a":0,"k":0,"ix":4},"p":{"a":0,"k":[11.202,28.026],"ix":2},"r":{"a":0,"k":0,"ix":6},"sa":{"a":0,"k":0,"ix":5},"o":{"a":0,"k":100,"ix":7}}]},{"ty":"gr","bm":0,"hd":false,"mn":"ADBE Vector Group","nm":"Group 9","ix":8,"cix":2,"np":2,"it":[{"ty":"sh","bm":0,"hd":false,"mn":"ADBE Vector Shape - Group","nm":"Path 1","ix":1,"d":1,"ks":{"a":0,"k":{"c":true,"i":[[0,-0.854],[0.855,0],[0,0.854],[-0.854,0]],"o":[[0,0.854],[-0.854,0],[0,-0.854],[0.855,0]],"v":[[1.547,0],[-0.001,1.546],[-1.547,0],[-0.001,-1.546]]},"ix":2}},{"ty":"fl","bm":0,"hd":false,"mn":"ADBE Vector Graphic - Fill","nm":"Fill 1","c":{"a":0,"k":[1,1,1],"ix":4},"r":1,"o":{"a":0,"k":100,"ix":5}},{"ty":"tr","a":{"a":0,"k":[0,0],"ix":1},"s":{"a":0,"k":[100,100],"ix":3},"sk":{"a":0,"k":0,"ix":4},"p":{"a":0,"k":[15.811,30.346],"ix":2},"r":{"a":0,"k":0,"ix":6},"sa":{"a":0,"k":0,"ix":5},"o":{"a":0,"k":100,"ix":7}}]},{"ty":"gr","bm":0,"hd":false,"mn":"ADBE Vector Group","nm":"Group 10","ix":9,"cix":2,"np":2,"it":[{"ty":"sh","bm":0,"hd":false,"mn":"ADBE Vector Shape - Group","nm":"Path 1","ix":1,"d":1,"ks":{"a":0,"k":{"c":true,"i":[[0,-2.141],[2.141,0],[0,2.141],[-2.142,0]],"o":[[0,2.141],[-2.142,0],[0,-2.141],[2.141,0]],"v":[[3.877,-0.001],[0.001,3.876],[-3.877,-0.001],[0.001,-3.876]]},"ix":2}},{"ty":"fl","bm":0,"hd":false,"mn":"ADBE Vector Graphic - Fill","nm":"Fill 1","c":{"a":0,"k":[1,1,1],"ix":4},"r":1,"o":{"a":0,"k":100,"ix":5}},{"ty":"tr","a":{"a":0,"k":[0,0],"ix":1},"s":{"a":0,"k":[100,100],"ix":3},"sk":{"a":0,"k":0,"ix":4},"p":{"a":0,"k":[20.185,19.61],"ix":2},"r":{"a":0,"k":0,"ix":6},"sa":{"a":0,"k":0,"ix":5},"o":{"a":0,"k":100,"ix":7}}]}],"ind":9,"parent":8},{"ty":4,"nm":"Eyes 3","sr":1,"st":0,"op":301,"ip":0,"hd":false,"ddd":0,"bm":0,"hasMask":false,"ao":0,"ks":{"a":{"a":0,"k":[0,0,0],"ix":1},"s":{"a":0,"k":[100,100,100],"ix":6},"sk":{"a":0,"k":0},"p":{"a":0,"k":[-7,-25,0],"ix":2},"r":{"a":0,"k":0,"ix":10},"sa":{"a":0,"k":0},"o":{"a":0,"k":100,"ix":11}},"ef":[],"shapes":[{"ty":"gr","bm":0,"hd":false,"mn":"ADBE Vector Group","nm":"Black 3","ix":1,"cix":2,"np":3,"it":[{"ty":"sh","bm":0,"hd":false,"mn":"ADBE Vector Shape - Group","nm":"Path 1","ix":1,"d":1,"ks":{"a":0,"k":{"c":true,"i":[[0,-5.523],[5.523,0],[0,5.523],[-5.523,0]],"o":[[0,5.523],[-5.523,0],[0,-5.523],[5.523,0]],"v":[[10,0],[0,10],[-10,0],[0,-10]]},"ix":2}},{"ty":"fl","bm":0,"hd":false,"mn":"ADBE Vector Graphic - Fill","nm":"Fill 1","c":{"a":0,"k":[0.0196,0.0745,0.1137],"ix":4},"r":1,"o":{"a":0,"k":100,"ix":5}},{"ty":"tr","a":{"a":0,"k":[0,0],"ix":1},"s":{"a":0,"k":[100,100],"ix":3},"sk":{"a":0,"k":0,"ix":4},"p":{"a":0,"k":[0,0],"ix":2},"r":{"a":0,"k":0,"ix":6},"sa":{"a":0,"k":0,"ix":5},"o":{"a":0,"k":100,"ix":7}}]},{"ty":"gr","bm":0,"hd":false,"mn":"ADBE Vector Group","nm":"Black 2","ix":2,"cix":2,"np":3,"it":[{"ty":"rc","bm":0,"hd":false,"mn":"ADBE Vector Shape - Rect","nm":"Rectangle Path 1","d":1,"p":{"a":0,"k":[0,0],"ix":3},"r":{"a":0,"k":20,"ix":4},"s":{"a":1,"k":[{"o":{"x":0.167,"y":0.167},"i":{"x":0.833,"y":0.833},"s":[20,20],"t":30},{"o":{"x":0.167,"y":0.167},"i":{"x":0.833,"y":0.833},"s":[20,0],"t":35},{"s":[20,20],"t":40}],"ix":2}},{"ty":"fl","bm":0,"hd":false,"mn":"ADBE Vector Graphic - Fill","nm":"Fill 1","c":{"a":0,"k":[0.0196,0.0745,0.1137],"ix":4},"r":1,"o":{"a":0,"k":100,"ix":5}},{"ty":"tr","a":{"a":0,"k":[0,0],"ix":1},"s":{"a":0,"k":[100,100],"ix":3},"sk":{"a":0,"k":0,"ix":4},"p":{"a":0,"k":[0,0],"ix":2},"r":{"a":0,"k":0,"ix":6},"sa":{"a":0,"k":0,"ix":5},"o":{"a":0,"k":100,"ix":7}}]},{"ty":"gr","bm":0,"hd":false,"mn":"ADBE Vector Group","nm":"White","ix":3,"cix":2,"np":3,"it":[{"ty":"rc","bm":0,"hd":false,"mn":"ADBE Vector Shape - Rect","nm":"Rectangle Path 1","d":1,"p":{"a":0,"k":[0,0],"ix":3},"r":{"a":0,"k":25,"ix":4},"s":{"a":1,"k":[{"o":{"x":0.167,"y":0.167},"i":{"x":0.833,"y":0.833},"s":[25,25],"t":30},{"o":{"x":0.167,"y":0.167},"i":{"x":0.833,"y":0.833},"s":[25,0],"t":35},{"s":[25,25],"t":40}],"ix":2}},{"ty":"fl","bm":0,"hd":false,"mn":"ADBE Vector Graphic - Fill","nm":"Fill 1","c":{"a":0,"k":[1,1,1],"ix":4},"r":1,"o":{"a":0,"k":100,"ix":5}},{"ty":"tr","a":{"a":0,"k":[0,0],"ix":1},"s":{"a":0,"k":[100,100],"ix":3},"sk":{"a":0,"k":0,"ix":4},"p":{"a":0,"k":[0,0],"ix":2},"r":{"a":0,"k":0,"ix":6},"sa":{"a":0,"k":0,"ix":5},"o":{"a":0,"k":100,"ix":7}}]},{"ty":"gr","bm":0,"hd":false,"mn":"ADBE Vector Group","nm":"Blue Glow","ix":4,"cix":2,"np":3,"it":[{"ty":"rc","bm":0,"hd":false,"mn":"ADBE Vector Shape - Rect","nm":"Rectangle Path 1","d":1,"p":{"a":0,"k":[0,0],"ix":3},"r":{"a":0,"k":35,"ix":4},"s":{"a":1,"k":[{"o":{"x":0.167,"y":0.167},"i":{"x":0.833,"y":0.833},"s":[35,35],"t":30},{"o":{"x":0.167,"y":0.167},"i":{"x":0.833,"y":0.833},"s":[35,0],"t":35},{"s":[35,35],"t":40}],"ix":2}},{"ty":"gf","bm":0,"hd":false,"mn":"ADBE Vector Graphic - G-Fill","nm":"Gradient Fill 1","e":{"a":0,"k":[17.25,0.25],"ix":6},"g":{"p":3,"k":{"a":0,"k":[0,0.19607843137254902,0.5019607843137255,0.9882352941176471,0.6,0.09803921568627451,0.25098039215686274,0.49411764705882355,1,0,0,0,0,1,0.6,0.75,1,0.5],"ix":9}},"t":2,"a":{"a":0,"k":0,"ix":8},"h":{"a":0,"k":0,"ix":7},"s":{"a":0,"k":[0,0],"ix":5},"r":1,"o":{"a":0,"k":100,"ix":10}},{"ty":"tr","a":{"a":0,"k":[0,0],"ix":1},"s":{"a":0,"k":[100,100],"ix":3},"sk":{"a":0,"k":0,"ix":4},"p":{"a":0,"k":[0,0],"ix":2},"r":{"a":0,"k":0,"ix":6},"sa":{"a":0,"k":0,"ix":5},"o":{"a":0,"k":100,"ix":7}}]}],"ind":10,"parent":8},{"ty":4,"nm":"Eyes 2","sr":1,"st":0,"op":301,"ip":0,"hd":false,"ddd":0,"bm":0,"hasMask":false,"ao":0,"ks":{"a":{"a":0,"k":[0,0,0],"ix":1},"s":{"a":0,"k":[100,100,100],"ix":6},"sk":{"a":0,"k":0},"p":{"a":0,"k":[40,-25,0],"ix":2},"r":{"a":0,"k":0,"ix":10},"sa":{"a":0,"k":0},"o":{"a":0,"k":100,"ix":11}},"ef":[],"shapes":[{"ty":"gr","bm":0,"hd":false,"mn":"ADBE Vector Group","nm":"Black 2","ix":1,"cix":2,"np":3,"it":[{"ty":"rc","bm":0,"hd":false,"mn":"ADBE Vector Shape - Rect","nm":"Rectangle Path 1","d":1,"p":{"a":0,"k":[0,0],"ix":3},"r":{"a":0,"k":20,"ix":4},"s":{"a":1,"k":[{"o":{"x":0.167,"y":0.167},"i":{"x":0.833,"y":0.833},"s":[20,20],"t":30},{"o":{"x":0.167,"y":0.167},"i":{"x":0.833,"y":0.833},"s":[20,0],"t":35},{"s":[20,20],"t":40}],"ix":2}},{"ty":"fl","bm":0,"hd":false,"mn":"ADBE Vector Graphic - Fill","nm":"Fill 1","c":{"a":0,"k":[0.0196,0.0745,0.1137],"ix":4},"r":1,"o":{"a":0,"k":100,"ix":5}},{"ty":"tr","a":{"a":0,"k":[0,0],"ix":1},"s":{"a":0,"k":[100,100],"ix":3},"sk":{"a":0,"k":0,"ix":4},"p":{"a":0,"k":[0,0],"ix":2},"r":{"a":0,"k":0,"ix":6},"sa":{"a":0,"k":0,"ix":5},"o":{"a":0,"k":100,"ix":7}}]},{"ty":"gr","bm":0,"hd":false,"mn":"ADBE Vector Group","nm":"White","ix":2,"cix":2,"np":3,"it":[{"ty":"rc","bm":0,"hd":false,"mn":"ADBE Vector Shape - Rect","nm":"Rectangle Path 1","d":1,"p":{"a":0,"k":[0,0],"ix":3},"r":{"a":0,"k":25,"ix":4},"s":{"a":1,"k":[{"o":{"x":0.167,"y":0.167},"i":{"x":0.833,"y":0.833},"s":[25,25],"t":30},{"o":{"x":0.167,"y":0.167},"i":{"x":0.833,"y":0.833},"s":[25,0],"t":35},{"s":[25,25],"t":40}],"ix":2}},{"ty":"fl","bm":0,"hd":false,"mn":"ADBE Vector Graphic - Fill","nm":"Fill 1","c":{"a":0,"k":[1,1,1],"ix":4},"r":1,"o":{"a":0,"k":100,"ix":5}},{"ty":"tr","a":{"a":0,"k":[0,0],"ix":1},"s":{"a":0,"k":[100,100],"ix":3},"sk":{"a":0,"k":0,"ix":4},"p":{"a":0,"k":[0,0],"ix":2},"r":{"a":0,"k":0,"ix":6},"sa":{"a":0,"k":0,"ix":5},"o":{"a":0,"k":100,"ix":7}}]},{"ty":"gr","bm":0,"hd":false,"mn":"ADBE Vector Group","nm":"Blue Glow","ix":3,"cix":2,"np":3,"it":[{"ty":"rc","bm":0,"hd":false,"mn":"ADBE Vector Shape - Rect","nm":"Rectangle Path 1","d":1,"p":{"a":0,"k":[0,0],"ix":3},"r":{"a":0,"k":35,"ix":4},"s":{"a":1,"k":[{"o":{"x":0.167,"y":0.167},"i":{"x":0.833,"y":0.833},"s":[35,35],"t":30},{"o":{"x":0.167,"y":0.167},"i":{"x":0.833,"y":0.833},"s":[35,0],"t":35},{"s":[35,35],"t":40}],"ix":2}},{"ty":"gf","bm":0,"hd":false,"mn":"ADBE Vector Graphic - G-Fill","nm":"Gradient Fill 1","e":{"a":0,"k":[17.25,0.25],"ix":6},"g":{"p":3,"k":{"a":0,"k":[0,0.19607843137254902,0.5019607843137255,0.9882352941176471,0.6,0.09803921568627451,0.25098039215686274,0.49411764705882355,1,0,0,0,0,1,0.6,0.75,1,0.5],"ix":9}},"t":2,"a":{"a":0,"k":0,"ix":8},"h":{"a":0,"k":0,"ix":7},"s":{"a":0,"k":[0,0],"ix":5},"r":1,"o":{"a":0,"k":100,"ix":10}},{"ty":"tr","a":{"a":0,"k":[0,0],"ix":1},"s":{"a":0,"k":[100,100],"ix":3},"sk":{"a":0,"k":0,"ix":4},"p":{"a":0,"k":[0,0],"ix":2},"r":{"a":0,"k":0,"ix":6},"sa":{"a":0,"k":0,"ix":5},"o":{"a":0,"k":100,"ix":7}}]}],"ind":11,"parent":8},{"ty":4,"nm":"Eye Part","sr":1,"st":0,"op":301,"ip":0,"hd":false,"ddd":0,"bm":0,"hasMask":false,"ao":0,"ks":{"a":{"a":0,"k":[76.946,127.006,0],"ix":1},"s":{"a":0,"k":[100,100,100],"ix":6},"sk":{"a":0,"k":0},"p":{"a":0,"k":[17.293,33.405,0],"ix":2},"r":{"a":0,"k":0,"ix":10},"sa":{"a":0,"k":0},"o":{"a":0,"k":100,"ix":11}},"ef":[],"shapes":[{"ty":"gr","bm":0,"hd":false,"mn":"ADBE Vector Group","nm":"Group 7","ix":1,"cix":2,"np":2,"it":[{"ty":"sh","bm":0,"hd":false,"mn":"ADBE Vector Shape - Group","nm":"Path 1","ix":1,"d":1,"ks":{"a":0,"k":{"c":true,"i":[[0.832,-0.587],[13.097,8.618],[-0.27,0.628],[-4.099,-1.901]],"o":[[-0.7,0.494],[-4.603,-3.03],[0.274,-0.638],[13.057,6.058]],"v":[[13.497,12.012],[-5.18,-6.052],[-14.059,-11.868],[-4.567,-9.419]]},"ix":2}},{"ty":"fl","bm":0,"hd":false,"mn":"ADBE Vector Graphic - Fill","nm":"Fill 1","c":{"a":0,"k":[1,1,1],"ix":4},"r":1,"o":{"a":0,"k":100,"ix":5}},{"ty":"tr","a":{"a":0,"k":[0,0],"ix":1},"s":{"a":0,"k":[100,100],"ix":3},"sk":{"a":0,"k":0,"ix":4},"p":{"a":0,"k":[117.48,59.382],"ix":2},"r":{"a":0,"k":0,"ix":6},"sa":{"a":0,"k":0,"ix":5},"o":{"a":0,"k":100,"ix":7}}]},{"ty":"gr","bm":0,"hd":false,"mn":"ADBE Vector Group","nm":"Group 4","ix":5,"cix":2,"np":2,"it":[{"ty":"sh","bm":0,"hd":false,"mn":"ADBE Vector Shape - Group","nm":"Path 1","ix":1,"d":1,"ks":{"a":0,"k":{"c":true,"i":[[4.93,-2.437],[0,0],[2.287,0],[0,0],[2.007,0.992],[-0.697,5.049],[0,0],[-18.985,0.987],[-8.793,-0.051],[-6.41,-0.33],[-2.367,-17.164],[-0.017,-0.124]],"o":[[0,0],[-2.008,0.992],[0,0],[-2.286,0],[-4.93,-2.437],[0,0],[2.358,-17.099],[8.033,-0.418],[6.889,0.04],[19.058,0.983],[0.016,0.123],[0.696,5.049]],"v":[[52.57,21.564],[52.57,21.564],[46.026,23.076],[-46.026,23.076],[-52.569,21.564],[-59.585,9.158],[-59.534,8.79],[-22.704,-22.442],[2.552,-23.025],[22.509,-22.453],[59.535,8.788],[59.586,9.158]]},"ix":2}},{"ty":"gf","bm":0,"hd":false,"mn":"ADBE Vector Graphic - G-Fill","nm":"Gradient Fill 1","e":{"a":0,"k":[-0.5,-18.5],"ix":6},"g":{"p":3,"k":{"a":0,"k":[0,0.011764705882352941,0.050980392156862744,0.0784313725490196,0.6,0.027450980392156862,0.11764705882352941,0.17647058823529413,1,0.043137254901960784,0.1843137254901961,0.27058823529411763,0,1,0.6,0.995,1,0.99],"ix":9}},"t":1,"a":{"a":0,"k":0},"h":{"a":0,"k":0},"s":{"a":0,"k":[-1,21],"ix":5},"r":1,"o":{"a":0,"k":100,"ix":10}},{"ty":"tr","a":{"a":0,"k":[0,0],"ix":1},"s":{"a":0,"k":[100,100],"ix":3},"sk":{"a":0,"k":0,"ix":4},"p":{"a":0,"k":[76.946,66.73],"ix":2},"r":{"a":0,"k":0,"ix":6},"sa":{"a":0,"k":0,"ix":5},"o":{"a":0,"k":100,"ix":7}}]}],"ind":12,"parent":8},{"ty":4,"nm":"Head","sr":1,"st":0,"op":301,"ip":0,"hd":false,"ddd":0,"bm":0,"hasMask":false,"ao":0,"ks":{"a":{"a":0,"k":[76.946,127.006,0],"ix":1},"s":{"a":0,"k":[100,100,100],"ix":6},"sk":{"a":0,"k":0},"p":{"a":0,"k":[-6.096,60.451,0],"ix":2},"r":{"a":0,"k":0,"ix":10},"sa":{"a":0,"k":0},"o":{"a":0,"k":100,"ix":11}},"ef":[],"shapes":[{"ty":"gr","bm":0,"hd":false,"mn":"ADBE Vector Group","nm":"Group 1","ix":2,"cix":2,"np":2,"it":[{"ty":"sh","bm":0,"hd":false,"mn":"ADBE Vector Shape - Group","nm":"Path 1","ix":1,"d":1,"ks":{"a":0,"k":{"c":true,"i":[[0.186,-0.027],[0.764,1.418],[0.408,0.562],[0.35,-0.003],[-0.001,-0.041],[-2.386,0.048],[-1.719,-1.803],[0,0]],"o":[[-0.156,0.022],[0,0],[-1.316,-1.81],[-6.944,0.061],[0.001,0.036],[6.732,-0.137],[0.713,0.748],[0.488,1.322]],"v":[[9.483,3.099],[8.463,0.786],[7.698,-0.438],[1.575,-2.205],[-9.83,-2.543],[-4.188,-2.622],[8.272,-1.318],[9.343,0.404]]},"ix":2}},{"ty":"fl","bm":0,"hd":false,"mn":"ADBE Vector Graphic - Fill","nm":"Fill 1","c":{"a":0,"k":[1,1,1],"ix":4},"r":1,"o":{"a":0,"k":100,"ix":5}},{"ty":"tr","a":{"a":0,"k":[0,0],"ix":1},"s":{"a":0,"k":[100,100],"ix":3},"sk":{"a":0,"k":0,"ix":4},"p":{"a":0,"k":[87.657,3.405],"ix":2},"r":{"a":0,"k":0,"ix":6},"sa":{"a":0,"k":0,"ix":5},"o":{"a":0,"k":100,"ix":7}}]},{"ty":"gr","bm":0,"hd":false,"mn":"ADBE Vector Group","nm":"Group 2","ix":3,"cix":2,"np":2,"it":[{"ty":"sh","bm":0,"hd":false,"mn":"ADBE Vector Shape - Group","nm":"Path 1","ix":1,"d":1,"ks":{"a":0,"k":{"c":true,"i":[[0,-1.205],[1.205,0],[0,1.205],[-1.205,0]],"o":[[0,1.205],[-1.205,0],[0,-1.205],[1.205,0]],"v":[[2.182,0],[-0.001,2.182],[-2.182,0],[-0.001,-2.182]]},"ix":2}},{"ty":"fl","bm":0,"hd":false,"mn":"ADBE Vector Graphic - Fill","nm":"Fill 1","c":{"a":0,"k":[1,1,1],"ix":4},"r":1,"o":{"a":0,"k":100,"ix":5}},{"ty":"tr","a":{"a":0,"k":[0,0],"ix":1},"s":{"a":0,"k":[100,100],"ix":3},"sk":{"a":0,"k":0,"ix":4},"p":{"a":0,"k":[107.529,17.128],"ix":2},"r":{"a":0,"k":0,"ix":6},"sa":{"a":0,"k":0,"ix":5},"o":{"a":0,"k":100,"ix":7}}]},{"ty":"gr","bm":0,"hd":false,"mn":"ADBE Vector Group","nm":"Group 3","ix":4,"cix":2,"np":2,"it":[{"ty":"sh","bm":0,"hd":false,"mn":"ADBE Vector Shape - Group","nm":"Path 1","ix":1,"d":1,"ks":{"a":0,"k":{"c":true,"i":[[-0.196,-6.914],[2.741,-0.299],[2.114,2.706],[-1.816,1.938]],"o":[[0.083,2.931],[-2.568,0.281],[-2.085,-2.667],[2.394,-2.557]],"v":[[9.173,2.656],[4.122,9.39],[-2.611,4.342],[-7.439,-7.115]]},"ix":2}},{"ty":"fl","bm":0,"hd":false,"mn":"ADBE Vector Graphic - Fill","nm":"Fill 1","c":{"a":0,"k":[1,1,1],"ix":4},"r":1,"o":{"a":0,"k":100,"ix":5}},{"ty":"tr","a":{"a":0,"k":[0,0],"ix":1},"s":{"a":0,"k":[100,100],"ix":3},"sk":{"a":0,"k":0,"ix":4},"p":{"a":0,"k":[121.818,27.823],"ix":2},"r":{"a":0,"k":0,"ix":6},"sa":{"a":0,"k":0,"ix":5},"o":{"a":0,"k":100,"ix":7}}]},{"ty":"gr","bm":0,"hd":false,"mn":"ADBE Vector Group","nm":"Group 5","ix":6,"cix":2,"np":2,"it":[{"ty":"sh","bm":0,"hd":false,"mn":"ADBE Vector Shape - Group","nm":"Path 1","ix":1,"d":1,"ks":{"a":0,"k":{"c":true,"i":[[0,0],[19.53,0],[0,0],[0,19.449],[0,0],[-34.605,0],[0,0],[0,-34.605]],"o":[[0,19.53],[0,0],[-19.45,0],[0,0],[0,-34.605],[0,0],[34.606,0],[0,0]],"v":[[76.697,22.963],[41.333,58.326],[-41.333,58.326],[-76.697,22.963],[-76.697,4.592],[-13.779,-58.326],[13.777,-58.326],[76.697,4.592]]},"ix":2}},{"ty":"gf","bm":0,"hd":false,"mn":"ADBE Vector Graphic - G-Fill","nm":"Gradient Fill 1","e":{"a":0,"k":[55,-42],"ix":6},"g":{"p":3,"k":{"a":0,"k":[0,0.023529411764705882,0.7450980392156863,0.8470588235294118,0.6,0.4470588235294118,0.7647058823529411,0.8588235294117647,1,0.5568627450980392,0.9294117647058824,0.9803921568627451,0,1,0.6,1,1,0.99],"ix":9}},"t":1,"a":{"a":0,"k":0},"h":{"a":0,"k":0},"s":{"a":0,"k":[-46.5,55],"ix":5},"r":1,"o":{"a":0,"k":100,"ix":10}},{"ty":"tr","a":{"a":0,"k":[0,0],"ix":1},"s":{"a":0,"k":[100,100],"ix":3},"sk":{"a":0,"k":0,"ix":4},"p":{"a":0,"k":[76.946,68.68],"ix":2},"r":{"a":0,"k":0,"ix":6},"sa":{"a":0,"k":0,"ix":5},"o":{"a":0,"k":100,"ix":7}}]},{"ty":"gr","bm":0,"hd":false,"mn":"ADBE Vector Group","nm":"Group 6","ix":7,"cix":2,"np":2,"it":[{"ty":"sh","bm":0,"hd":false,"mn":"ADBE Vector Shape - Group","nm":"Path 1","ix":1,"d":1,"ks":{"a":0,"k":{"c":true,"i":[[2.494,0],[0,0],[0,2.495],[0,0],[-2.495,0],[0,0],[0,-2.495],[0,0]],"o":[[0,0],[-2.495,0],[0,0],[0,-2.495],[0,0],[2.494,0],[0,0],[0,2.495]],"v":[[16.917,10.563],[-16.917,10.563],[-21.434,6.046],[-21.434,-6.046],[-16.917,-10.563],[16.917,-10.563],[21.434,-6.046],[21.434,6.046]]},"ix":2}},{"ty":"gf","bm":0,"hd":false,"mn":"ADBE Vector Graphic - G-Fill","nm":"Gradient Fill 1","e":{"a":0,"k":[13.5,-14],"ix":6},"g":{"p":3,"k":{"a":0,"k":[0,0.023529411764705882,0.7450980392156863,0.8470588235294118,0.6,0.4470588235294118,0.7647058823529411,0.8588235294117647,1,0.5568627450980392,0.9294117647058824,0.9803921568627451,0,1,0.6,1,1,0.99],"ix":9}},"t":1,"a":{"a":0,"k":0},"h":{"a":0,"k":0},"s":{"a":0,"k":[-14,15.5],"ix":5},"r":1,"o":{"a":0,"k":100,"ix":10}},{"ty":"tr","a":{"a":0,"k":[0,0],"ix":1},"s":{"a":0,"k":[100,100],"ix":3},"sk":{"a":0,"k":0,"ix":4},"p":{"a":0,"k":[76.947,10.813],"ix":2},"r":{"a":0,"k":0,"ix":6},"sa":{"a":0,"k":0,"ix":5},"o":{"a":0,"k":100,"ix":7}}]}],"ind":13,"parent":4},{"ty":4,"nm":"Head Part","sr":1,"st":0,"op":301,"ip":0,"hd":false,"ddd":0,"bm":0,"hasMask":false,"ao":0,"ks":{"a":{"a":0,"k":[6.527,40.817,0],"ix":1},"s":{"a":0,"k":[100,100,100],"ix":6},"sk":{"a":0,"k":0},"p":{"a":0,"k":[76.946,3.618,0],"ix":2},"r":{"a":0,"k":0,"ix":10},"sa":{"a":0,"k":0},"o":{"a":0,"k":100,"ix":11}},"ef":[],"shapes":[{"ty":"gr","bm":0,"hd":false,"mn":"ADBE Vector Group","nm":"Group 1","ix":1,"cix":2,"np":2,"it":[{"ty":"sh","bm":0,"hd":false,"mn":"ADBE Vector Shape - Group","nm":"Path 1","ix":1,"d":1,"ks":{"a":0,"k":{"c":true,"i":[[0,-1.057],[1.057,0],[0,1.057],[-1.057,0]],"o":[[0,1.057],[-1.057,0],[0,-1.057],[1.057,0]],"v":[[1.914,0],[0,1.914],[-1.914,0],[0,-1.914]]},"ix":2}},{"ty":"fl","bm":0,"hd":false,"mn":"ADBE Vector Graphic - Fill","nm":"Fill 1","c":{"a":0,"k":[1,1,1],"ix":4},"r":1,"o":{"a":0,"k":100,"ix":5}},{"ty":"tr","a":{"a":0,"k":[0,0],"ix":1},"s":{"a":0,"k":[100,100],"ix":3},"sk":{"a":0,"k":0,"ix":4},"p":{"a":0,"k":[8.976,4.077],"ix":2},"r":{"a":0,"k":0,"ix":6},"sa":{"a":0,"k":0,"ix":5},"o":{"a":0,"k":100,"ix":7}}]},{"ty":"gr","bm":0,"hd":false,"mn":"ADBE Vector Group","nm":"Group 2","ix":2,"cix":2,"np":2,"it":[{"ty":"sh","bm":0,"hd":false,"mn":"ADBE Vector Shape - Group","nm":"Path 1","ix":1,"d":1,"ks":{"a":0,"k":{"c":true,"i":[[0,-3.466],[3.465,0],[0,3.466],[-3.467,0]],"o":[[0,3.466],[-3.467,0],[0,-3.466],[3.465,0]],"v":[[6.277,0],[0.001,6.276],[-6.277,0],[0.001,-6.276]]},"ix":2}},{"ty":"gf","bm":0,"hd":false,"mn":"ADBE Vector Graphic - G-Fill","nm":"Gradient Fill 1","e":{"a":0,"k":[5.688,-2.25],"ix":6},"g":{"p":3,"k":{"a":0,"k":[0,0.023529411764705882,0.7450980392156863,0.8470588235294118,0.6,0.4470588235294118,0.7647058823529411,0.8588235294117647,1,0.5568627450980392,0.9294117647058824,0.9803921568627451,0,1,0.6,1,1,0.99],"ix":9}},"t":1,"a":{"a":0,"k":0},"h":{"a":0,"k":0},"s":{"a":0,"k":[-14.188,6.687],"ix":5},"r":1,"o":{"a":0,"k":100,"ix":10}},{"ty":"tr","a":{"a":0,"k":[0,0],"ix":1},"s":{"a":0,"k":[100,100],"ix":3},"sk":{"a":0,"k":0,"ix":4},"p":{"a":0,"k":[6.527,6.526],"ix":2},"r":{"a":0,"k":0,"ix":6},"sa":{"a":0,"k":0,"ix":5},"o":{"a":0,"k":100,"ix":7}}]},{"ty":"gr","bm":0,"hd":false,"mn":"ADBE Vector Group","nm":"Group 3","ix":3,"cix":2,"np":2,"it":[{"ty":"sh","bm":0,"hd":false,"mn":"ADBE Vector Shape - Group","nm":"Path 1","ix":1,"d":1,"ks":{"a":0,"k":{"c":true,"i":[[0,0],[0,0],[0,0],[0,0]],"o":[[0,0],[0,0],[0,0],[0,0]],"v":[[2.449,16.074],[-2.449,16.074],[-2.449,-16.074],[2.449,-16.074]]},"ix":2}},{"ty":"gf","bm":0,"hd":false,"mn":"ADBE Vector Graphic - G-Fill","nm":"Gradient Fill 1","e":{"a":0,"k":[5,-1.25],"ix":6},"g":{"p":3,"k":{"a":0,"k":[0,0.023529411764705882,0.7450980392156863,0.8470588235294118,0.6,0.4470588235294118,0.7647058823529411,0.8588235294117647,1,0.5568627450980392,0.9294117647058824,0.9803921568627451,0,1,0.6,1,1,0.99],"ix":9}},"t":1,"a":{"a":0,"k":0},"h":{"a":0,"k":0},"s":{"a":0,"k":[-9.25,1.75],"ix":5},"r":1,"o":{"a":0,"k":100,"ix":10}},{"ty":"tr","a":{"a":0,"k":[0,0],"ix":1},"s":{"a":0,"k":[100,100],"ix":3},"sk":{"a":0,"k":0,"ix":4},"p":{"a":0,"k":[6.527,24.743],"ix":2},"r":{"a":0,"k":0,"ix":6},"sa":{"a":0,"k":0,"ix":5},"o":{"a":0,"k":100,"ix":7}}]}],"ind":14,"parent":13},{"ty":4,"nm":"Hand Left","sr":1,"st":0,"op":301,"ip":0,"hd":false,"ddd":0,"bm":0,"hasMask":false,"ao":0,"ks":{"a":{"a":0,"k":[55.282,25.376,0],"ix":1},"s":{"a":0,"k":[100,100,100],"ix":6},"sk":{"a":0,"k":0},"p":{"a":0,"k":[13.243,18,0],"ix":2},"r":{"a":1,"k":[{"o":{"x":0.333,"y":0},"i":{"x":0.667,"y":1},"s":[6],"t":0},{"o":{"x":0.333,"y":0},"i":{"x":0.667,"y":1},"s":[-12],"t":10},{"o":{"x":0.333,"y":0},"i":{"x":0.667,"y":1},"s":[6],"t":20},{"o":{"x":0.333,"y":0},"i":{"x":0.667,"y":1},"s":[-12],"t":30},{"o":{"x":0.298,"y":0},"i":{"x":0.667,"y":1},"s":[6],"t":40},{"o":{"x":0.333,"y":0},"i":{"x":0.667,"y":1},"s":[6],"t":70},{"o":{"x":0.333,"y":0},"i":{"x":0.667,"y":1},"s":[-12],"t":80},{"o":{"x":0.333,"y":0},"i":{"x":0.667,"y":1},"s":[6],"t":90},{"o":{"x":0.333,"y":0},"i":{"x":0.667,"y":1},"s":[-12],"t":100},{"s":[6],"t":110}],"ix":10},"sa":{"a":0,"k":0},"o":{"a":0,"k":100,"ix":11}},"ef":[],"shapes":[{"ty":"gr","bm":0,"hd":false,"mn":"ADBE Vector Group","nm":"Group 1","ix":1,"cix":2,"np":2,"it":[{"ty":"sh","bm":0,"hd":false,"mn":"ADBE Vector Shape - Group","nm":"Path 1","ix":1,"d":1,"ks":{"a":0,"k":{"c":true,"i":[[-3.471,-0.95],[-4.102,-6.171],[0.481,-4.647],[1.298,-1.257],[12.426,10.213],[-1.464,4.243],[-1.337,0.598]],"o":[[23.017,6.305],[0.471,0.708],[-0.385,3.702],[-7.885,7.633],[-2.709,-2.227],[0.6,-1.739],[5.912,-2.645]],"v":[[-7.327,-16.213],[25.229,-5.503],[27.624,3.471],[23.88,11.286],[-18.128,-0.632],[-26.642,-13.075],[-22.842,-16.275]]},"ix":2}},{"ty":"gf","bm":0,"hd":false,"mn":"ADBE Vector Graphic - G-Fill","nm":"Gradient Fill 1","e":{"a":0,"k":[93.5,60],"ix":6},"g":{"p":3,"k":{"a":0,"k":[0,0.023529411764705882,0.7450980392156863,0.8470588235294118,0.6,0.4470588235294118,0.7647058823529411,0.8588235294117647,1,0.5568627450980392,0.9294117647058824,0.9803921568627451,0,1,0.6,1,1,0.99],"ix":9}},"t":1,"a":{"a":0,"k":0},"h":{"a":0,"k":0},"s":{"a":0,"k":[4.25,-2.75],"ix":5},"r":1,"o":{"a":0,"k":100,"ix":10}},{"ty":"tr","a":{"a":0,"k":[0,0],"ix":1},"s":{"a":0,"k":[100,100],"ix":3},"sk":{"a":0,"k":0,"ix":4},"p":{"a":0,"k":[28.355,19.17],"ix":2},"r":{"a":0,"k":0,"ix":6},"sa":{"a":0,"k":0,"ix":5},"o":{"a":0,"k":100,"ix":7}}]}],"ind":15,"parent":5}],"v":"5.7.7","fr":30,"op":120,"ip":0,"assets":[]}